UNITID,DVADM01,DVADM02,DVADM03,DVADM04,DVADM05,DVADM06,DVADM07,DVADM08,DVADM09,DVADM10,DVADM11,DVADM12
100654,58,61,60,15,18,13,14,18,12,0,0,0
100663,88,85,90,20,19,21,20,19,21,0,0,0
100706,69,73,64,23,27,19,23,27,18,0,0,0
100724,98,97,98,15,16,15,15,16,15,0,0,0
100751,77,76,77,18,19,18,18,19,18,0,0,0
100830,92,92,92,15,15,15,14,14,14,1,1,1
100858,46,48,45,24,27,22,24,27,22,0,0,0
101189,73,80,72,34,40,30,30,37,24,5,3,6
101365,93,89,94,70,75,69,12,0,13,58,75,56
101435,69,70,69,15,17,12,15,17,12,0,0,0
101453,90,100,50,89,88,100,56,50,100,33,38,0
101480,78,78,78,20,22,19,20,22,19,0,0,0
101587,43,45,41,33,33,34,33,32,34,1,1,0
101648,97,98,95,51,52,49,51,52,49,0,0,0
101693,78,78,79,19,24,18,19,24,18,0,0,0
101709,54,55,56,17,20,15,16,20,15,0,0,0
101879,87,87,88,22,23,22,20,19,20,3,3,2
101912,45,48,44,30,35,27,30,35,27,0,0,0
102049,82,79,84,29,29,29,29,29,29,0,0,0
102094,71,69,72,21,22,21,21,21,20,0,0,0
102234,77,73,79,8,10,8,8,10,8,0,0,0
102270,62,57,65,8,12,6,7,11,5,1,1,1
102298,85,83,87,3,4,2,3,4,2,0,0,0
102368,96,96,96,21,21,20,18,18,18,3,3,2
102377,49,45,50,14,20,12,14,20,12,0,0,0
102395,61,59,68,45,47,39,43,46,37,2,2,2
102632,63,80,54,75,67,82,41,40,42,34,28,40
102669,96,96,97,5,6,5,4,4,4,1,1,1
104151,90,89,91,22,22,22,22,22,22,0,0,0
104179,86,84,88,18,17,19,18,16,18,1,1,1
104586,77,77,76,24,24,22,23,24,22,0,0,0
104717,79,80,79,18,19,17,16,18,15,2,2,3
105330,90,89,90,16,17,15,15,16,15,0,0,0
105589,95,93,95,6,3,7,6,3,7,0,0,0
105899,71,70,72,36,39,38,36,39,38,0,0,0
106245,59,57,60,22,26,19,21,25,19,1,2,1
106342,63,100,100,23,100,100,23,100,100,0,0,0
106397,74,71,77,29,31,28,29,31,28,0,0,0
106412,41,38,44,15,18,13,14,17,13,1,1,1
106458,82,82,82,20,17,21,17,15,18,3,2,3
106467,96,96,96,34,35,32,32,34,30,2,2,2
106546,95,100,95,38,50,37,0,0,0,38,50,37
106704,89,88,90,35,37,33,34,37,33,0,0,0
106713,63,61,66,66,72,58,65,71,58,1,1,0
107044,71,72,70,45,45,44,44,45,43,0,0,1
107080,56,50,63,18,19,17,18,19,17,0,0,0
107141,76,78,75,31,34,29,30,34,28,1,1,1
107512,68,66,68,29,31,28,29,31,28,0,0,0
107558,60,55,62,16,19,14,16,19,14,0,0,0
107585,100,100,100,52,55,50,44,48,40,8,7,10
107877,83,80,85,29,33,27,29,33,27,0,0,0
107983,75,75,76,35,40,31,35,40,31,0,0,0
108092,80,81,80,40,45,38,36,38,35,4,7,3
108852,83,80,88,18,13,20,18,13,20,0,0,0
108861,89,80,100,50,63,38,0,0,0,50,63,38
109651,75,70,76,31,41,28,31,41,28,0,0,0
109785,88,91,87,14,15,13,14,15,13,0,0,0
110097,74,68,79,30,33,28,29,31,28,1,1,0
110361,85,83,86,24,25,23,23,25,23,0,0,0
110370,91,88,92,8,10,7,8,10,7,0,0,0
110404,3,2,4,61,64,58,61,64,58,0,0,0
110413,76,75,76,11,12,10,11,12,10,0,0,0
110422,31,27,36,25,27,23,25,27,23,0,0,0
110468,0,0,0,,,,,,,,,
110486,94,93,94,10,9,11,10,9,11,0,0,0
110495,98,98,98,19,19,19,18,18,18,1,1,1
110510,94,92,95,15,15,16,15,14,15,1,1,0
110529,75,69,82,12,15,10,12,15,10,0,0,0
110538,93,92,93,10,10,10,10,10,10,0,0,0
110547,93,92,94,9,9,10,9,9,9,1,1,1
110556,95,95,95,18,16,18,16,15,17,1,2,1
110565,91,89,92,14,15,13,14,15,13,1,1,1
110574,97,98,97,7,7,7,7,7,7,0,0,0
110583,46,42,49,17,17,16,16,17,16,0,1,0
110592,91,90,92,9,11,9,9,10,8,0,0,0
110608,93,92,94,18,19,17,18,19,17,0,0,0
110617,94,93,95,15,16,15,15,15,15,0,0,0
110635,11,9,13,46,49,44,46,49,43,0,0,0
110644,42,40,46,16,16,17,16,16,16,0,0,0
110653,29,26,31,19,19,19,19,19,19,0,0,0
110662,9,8,10,50,48,52,50,48,52,0,0,0
110671,76,72,80,12,13,12,12,12,12,0,0,0
110680,27,23,30,20,21,20,20,21,20,0,0,0
110705,33,29,36,14,13,14,14,13,14,0,0,0
110714,66,63,68,9,10,9,9,10,9,0,0,0
111081,32,33,32,28,24,27,28,24,27,0,0,0
111188,95,94,98,21,23,12,20,23,11,0,0,0
111638,43,57,40,100,100,100,100,100,100,0,0,0
111948,65,64,66,16,16,16,16,16,16,0,0,0
111966,39,20,46,4,5,3,4,5,3,0,0,0
112075,66,57,73,12,13,11,12,13,11,0,0,0
112084,31,39,27,16,27,9,16,27,9,0,0,0
112260,10,10,10,54,59,50,54,59,50,0,0,0
112394,51,51,53,42,40,49,37,35,46,5,5,2
113582,100,,100,29,,29,29,,29,0,,0
113616,41,40,43,58,50,67,58,50,67,0,0,0
113698,83,86,83,13,14,12,13,13,12,0,0,0
114813,64,66,63,17,19,16,17,19,16,0,1,0
115409,13,9,21,36,39,33,36,39,33,0,0,0
115755,98,98,98,6,6,6,6,6,5,0,0,0
117104,96,93,98,34,39,29,30,35,26,4,4,3
117140,71,67,73,10,11,9,10,11,9,0,1,0
117168,94,92,95,23,21,23,23,21,23,0,0,0
117283,55,60,50,92,100,83,75,83,67,17,17,17
117627,91,91,92,13,14,13,13,14,13,0,0,0
117751,84,81,87,46,50,42,46,50,41,0,0,0
117946,45,48,43,15,16,14,15,16,14,0,0,0
118198,63,63,64,41,38,43,18,16,19,23,22,23
118693,68,67,78,5,8,4,5,7,4,0,0,0
118888,17,17,17,15,16,14,15,16,14,0,0,0
119173,73,48,74,12,21,12,12,21,12,0,0,0
119270,78,76,82,41,42,38,33,33,32,8,9,6
119775,100,100,100,40,0,57,40,0,57,0,0,0
120166,96,93,98,6,8,4,6,8,4,0,0,0
120254,44,41,47,18,20,17,18,20,17,0,0,0
120403,82,76,84,10,14,9,10,14,9,0,0,0
120537,33,36,32,38,44,36,38,44,36,0,0,0
120661,100,100,100,68,67,68,68,67,68,0,0,0
120768,34,41,31,23,0,38,0,0,0,23,0,38
120865,47,45,49,14,13,14,14,13,14,0,0,0
120883,71,77,70,14,16,13,14,16,13,0,0,0
121150,63,65,62,12,13,11,12,13,11,0,0,0
121257,25,26,30,36,49,36,36,49,36,0,0,0
121309,84,89,81,21,19,23,21,19,23,0,0,0
121345,7,8,7,50,48,52,50,48,52,0,0,0
121691,83,80,85,16,17,15,16,17,15,0,0,0
122409,36,34,38,20,20,20,20,20,20,0,0,0
122436,52,52,53,12,12,12,12,12,12,0,0,0
122506,55,57,52,27,29,28,27,29,28,0,0,0
122597,96,96,97,9,10,8,8,9,7,0,0,0
122612,62,59,63,6,6,6,6,6,6,0,0,0
122728,93,91,95,20,19,20,19,18,20,0,1,0
122755,85,79,91,15,16,13,14,16,13,1,1,0
122931,48,45,51,18,20,16,18,20,16,0,0,0
123165,38,,38,26,,26,26,,26,0,,0
123280,100,100,100,83,100,50,42,63,0,42,38,50
123457,86,75,97,24,38,13,24,38,13,0,0,0
123554,87,87,86,9,12,8,9,11,8,0,0,0
123572,93,93,94,8,7,9,8,7,9,0,0,0
123651,62,63,62,20,21,19,19,20,19,1,1,1
123679,97,97,97,61,56,62,51,49,52,10,7,11
123952,77,74,79,7,9,6,7,9,6,0,0,0
123961,10,11,9,43,42,46,43,42,46,0,0,0
124292,83,83,84,68,70,65,68,70,65,0,0,0
124706,98,96,99,59,58,60,59,58,60,0,0,0
124937,100,100,100,57,51,60,44,46,44,13,4,16
125727,77,70,81,16,19,14,16,19,14,0,0,0
125763,81,79,83,5,6,5,5,6,5,0,0,0
125897,82,80,83,6,8,5,6,8,5,0,0,0
126076,58,58,,100,100,,100,100,,0,0,
126562,75,69,78,13,16,11,12,14,10,1,2,1
126580,97,97,98,13,15,11,12,14,11,1,1,1
126614,78,73,83,14,15,13,14,15,13,0,0,0
126678,18,18,19,30,34,27,30,34,27,0,0,0
126687,90,79,92,58,65,58,58,65,58,0,0,0
126775,61,57,69,23,25,20,23,25,20,0,0,0
126784,91,91,,73,73,,73,73,,0,0,
126818,89,87,90,16,16,16,16,16,16,0,0,0
127060,78,76,79,9,10,9,9,10,9,0,0,0
127185,77,77,78,19,22,18,19,21,18,0,0,0
127556,82,82,82,23,24,22,21,23,20,2,2,2
127565,99,99,99,19,21,17,12,14,10,7,7,6
127653,100,100,100,27,7,30,24,7,26,3,0,4
127741,86,85,86,13,13,13,13,12,13,0,0,0
127918,86,84,89,12,11,13,12,10,12,0,0,0
127954,100,,100,71,,71,71,,71,0,,0
128106,95,96,94,22,23,22,20,20,20,2,3,2
128328,14,14,14,78,79,77,78,79,77,0,0,0
128391,100,100,100,11,14,9,11,14,9,0,0,0
128498,59,51,67,11,11,11,11,11,11,0,0,0
128586,100,100,,100,100,,100,100,,0,0,
128744,83,79,86,5,3,7,4,3,5,1,0,2
128771,73,71,75,21,24,18,20,23,18,0,0,0
128902,37,30,42,15,17,14,15,17,14,0,0,0
129020,52,48,56,15,15,15,15,15,15,0,0,0
129215,83,79,85,15,15,15,15,15,15,0,0,0
129242,33,34,33,24,25,23,24,25,23,0,0,0
129525,96,95,96,10,11,10,10,11,10,0,0,0
129774,95,94,95,7,9,6,7,9,6,0,0,0
129941,60,60,61,10,9,10,10,9,10,0,0,0
130226,72,71,73,11,12,11,11,12,11,0,0,0
130253,65,64,66,17,18,17,17,18,17,0,0,0
130314,79,70,83,12,15,11,12,15,11,0,0,0
130493,91,90,93,14,14,14,13,13,13,0,0,0
130590,29,28,31,25,28,22,25,28,22,0,0,0
130624,22,20,29,66,69,60,66,69,60,0,0,0
130697,16,18,15,35,36,34,35,36,34,0,0,0
130776,87,84,89,17,21,14,16,20,14,0,0,0
130794,4,5,3,70,69,71,70,69,71,0,0,0
130934,47,40,50,34,40,31,29,36,27,4,5,4
130943,71,66,73,16,17,15,16,17,15,0,0,0
130989,85,77,91,20,24,17,20,24,17,0,0,0
131159,62,61,62,16,18,14,16,18,14,0,0,0
131283,83,80,85,13,14,13,13,14,13,0,0,0
131450,58,60,56,61,61,61,61,61,61,0,0,0
131469,47,46,48,19,19,20,19,19,19,0,0,0
131496,13,13,13,47,47,46,47,47,46,0,0,0
131520,41,40,42,19,17,20,19,17,20,0,0,0
131830,100,100,100,100,100,100,100,100,100,0,0,0
131876,100,100,99,20,19,20,17,0,18,3,19,1
132408,36,30,42,56,85,38,10,13,8,47,71,30
132471,77,74,79,7,8,7,7,8,7,0,0,0
132602,88,85,90,10,12,10,10,12,10,0,0,0
132657,73,71,75,13,16,11,13,16,11,0,0,0
132842,76,40,78,83,100,82,28,50,27,55,50,55
132903,40,43,38,34,37,30,28,30,27,5,8,3
133492,76,71,78,12,13,12,12,13,12,0,0,0
133526,85,85,85,3,5,2,3,5,2,0,0,0
133553,65,64,67,26,26,26,26,26,26,0,0,0
133650,21,23,19,31,32,30,29,30,28,2,3,2
133669,66,63,68,20,20,20,16,15,17,4,5,4
133711,81,78,82,16,16,16,16,16,16,0,0,0
133809,70,63,76,78,77,79,78,77,79,0,0,0
133845,94,95,94,53,57,53,48,57,48,5,0,5
133854,100,97,100,40,50,39,40,50,39,0,0,0
133863,96,100,95,51,47,51,51,47,51,0,0,0
133881,58,58,57,9,11,8,9,10,8,0,0,0
133951,55,54,55,29,32,27,20,20,19,10,12,8
133979,85,84,86,5,6,4,5,6,4,0,0,0
134079,64,64,65,11,10,11,11,10,11,0,0,0
134097,24,27,22,31,29,32,30,29,32,0,0,1
134130,24,25,23,42,41,43,42,41,43,0,0,0
134945,57,57,57,16,19,14,16,19,14,0,0,0
135081,97,98,97,61,60,62,42,44,42,19,16,20
135364,92,89,100,73,75,67,9,13,0,64,63,67
135726,19,22,16,24,23,26,24,23,25,0,0,0
136172,53,50,55,16,18,15,16,17,15,1,1,1
136215,73,69,75,16,16,16,16,15,16,0,0,0
136330,82,78,84,10,11,9,10,11,9,0,0,0
136774,70,61,73,23,25,23,23,25,23,0,0,0
136950,48,45,49,13,14,13,13,14,13,0,0,0
137032,78,78,80,13,14,12,13,14,12,0,0,0
137272,93,93,,100,100,,100,100,,0,0,
137351,43,43,43,23,24,23,23,23,23,0,1,0
137476,98,98,98,10,16,6,10,16,6,0,0,0
137546,72,68,75,8,8,8,8,8,8,0,0,0
137564,53,52,54,49,54,46,45,49,42,4,4,4
137847,40,49,36,17,18,16,17,18,16,0,0,0
137953,53,54,52,61,65,55,57,60,53,4,5,2
137962,92,86,96,50,50,50,44,42,45,6,8,5
138275,43,45,39,46,46,46,45,45,46,1,1,0
138293,69,72,65,24,29,14,23,28,14,0,1,0
138354,58,58,58,26,27,25,21,21,21,5,7,5
138558,76,75,76,47,50,46,44,47,42,3,3,4
138600,62,,62,16,,16,16,,16,0,,0
138761,46,46,45,36,40,28,35,40,27,0,0,1
138868,44,47,41,83,78,91,40,41,39,43,37,51
138947,64,55,67,6,6,6,6,6,6,0,0,0
139144,64,56,68,15,17,14,15,17,14,0,0,0
139199,88,83,89,9,6,10,9,5,9,0,0,0
139205,96,96,97,27,28,25,25,26,23,2,1,3
139250,98,99,98,30,31,30,26,26,26,4,5,4
139311,68,69,68,40,48,37,34,42,31,6,6,6
139366,99,99,99,32,40,27,30,37,26,2,4,1
139393,87,87,86,40,40,39,40,40,39,0,0,0
139630,74,76,71,64,69,58,64,69,58,0,0,1
139658,11,12,10,40,41,40,40,40,40,0,0,0
139719,66,56,70,23,27,22,22,26,22,1,1,1
139755,14,12,19,46,47,44,46,47,44,0,0,0
139764,75,72,76,31,34,30,30,32,29,2,2,2
139861,78,78,78,36,37,36,36,37,36,0,0,0
139931,88,88,88,28,31,27,27,30,26,1,1,1
139940,55,54,56,23,27,20,22,26,19,1,1,1
139959,38,35,39,38,38,39,38,37,39,0,0,0
139968,86,86,86,36,42,33,30,32,28,6,10,5
140234,62,63,61,25,28,22,25,28,22,0,0,0
140252,93,92,95,42,40,44,41,39,42,1,1,2
140340,94,89,94,69,75,69,40,63,37,29,13,31
140447,69,68,69,13,14,12,12,14,11,0,0,1
140553,44,44,5,27,27,0,27,27,0,0,0,0
140696,88,86,90,18,16,18,18,16,18,0,0,0
140720,95,94,96,4,4,3,4,4,3,0,0,0
140818,93,93,94,15,18,13,14,18,13,0,0,0
140872,62,60,63,29,37,22,29,37,22,0,0,0
140951,83,81,84,26,29,25,25,28,24,1,2,1
140988,96,96,97,33,40,27,33,39,26,0,1,0
141060,25,,25,24,,24,23,,23,0,,0
141167,38,50,18,71,64,100,64,59,89,7,6,11
141185,66,63,68,36,41,35,33,38,32,3,3,3
141237,78,82,75,46,50,43,46,49,43,0,0,0
141264,72,66,75,26,29,25,25,28,24,1,1,1
141325,59,,59,13,,13,13,,13,0,,0
141334,52,47,55,31,38,28,30,37,26,2,2,1
141361,63,61,64,25,30,22,25,30,22,0,0,0
141486,91,94,91,16,21,15,16,21,14,1,0,1
141565,61,62,60,25,29,22,23,28,21,2,2,2
141574,87,85,87,21,28,18,20,26,18,1,1,1
141644,86,84,86,4,5,4,4,5,4,0,0,0
141981,95,96,95,32,35,30,27,29,25,6,6,5
142090,90,90,91,79,89,70,76,89,65,3,0,5
142115,87,86,88,24,24,24,23,23,24,1,1,1
142285,76,72,80,20,22,18,20,21,18,0,0,0
142294,49,48,50,15,17,13,15,17,13,0,0,0
142328,88,84,90,15,15,15,14,13,14,1,1,1
142461,65,61,67,10,12,8,10,12,8,0,0,0
142522,96,96,96,44,41,47,25,22,27,19,19,19
142957,100,100,100,89,100,80,44,0,80,44,100,0
143048,77,72,79,12,13,11,12,13,11,0,0,0
143084,63,59,66,13,16,12,13,16,12,0,0,0
143118,81,80,82,16,14,16,15,14,16,0,0,0
143288,63,60,66,26,31,18,25,31,18,1,1,0
143358,77,74,79,11,13,10,11,13,10,0,0,0
143978,34,20,42,40,100,25,0,0,0,40,100,25
144005,43,31,50,4,5,3,3,4,2,1,1,1
144050,4,6,4,88,89,87,88,89,87,0,0,0
144281,89,87,91,15,17,13,15,16,13,0,0,0
144351,93,91,94,8,9,7,8,9,7,0,0,0
144740,76,73,78,11,12,10,11,12,10,0,0,0
144892,65,60,70,10,10,10,10,10,9,0,0,0
144962,74,69,78,13,11,13,13,11,13,0,0,0
144971,85,83,88,16,17,15,16,17,15,0,0,0
145239,70,33,73,39,100,38,39,100,38,0,0,0
145336,48,43,53,17,18,16,16,17,15,1,1,1
145354,100,,100,100,,100,0,,0,100,,100
145372,97,97,98,15,17,12,15,17,12,0,0,0
145497,57,44,80,88,75,100,63,75,50,25,0,50
145600,77,74,80,21,24,19,21,23,19,0,0,0
145619,95,94,97,16,18,14,15,17,14,0,0,0
145637,42,36,50,29,30,28,29,30,28,0,0,0
145646,39,32,46,12,14,11,12,14,11,0,0,0
145691,78,78,79,8,10,7,8,10,7,0,0,0
145725,55,54,59,8,9,7,8,9,7,0,0,0
145813,88,86,90,23,23,22,22,23,22,0,0,0
146339,48,43,64,39,38,43,39,37,43,1,1,0
146427,71,68,74,11,11,12,11,11,12,0,0,0
146481,57,52,60,14,14,13,14,14,13,0,0,0
146612,71,68,74,15,15,15,15,15,15,0,0,0
146719,82,78,84,9,8,9,9,8,9,0,0,0
147013,72,75,69,19,21,17,19,21,17,0,0,0
147129,39,50,38,57,0,67,57,0,67,0,0,0
147244,67,43,92,10,15,9,10,15,9,0,0,0
147341,91,89,94,14,13,16,14,13,16,0,0,0
147369,83,85,81,66,79,54,59,69,49,7,10,5
147536,95,94,96,18,16,20,17,15,18,1,2,1
147660,77,76,78,14,15,12,14,15,12,0,0,0
147679,69,64,73,14,16,13,14,16,13,0,0,0
147703,70,66,72,12,14,11,12,14,11,0,0,0
147767,8,7,8,55,56,54,55,56,54,0,0,0
147776,75,69,79,8,10,7,8,10,7,1,0,1
147828,56,65,64,24,30,24,24,30,24,0,0,0
148131,51,50,53,29,35,23,29,35,23,0,0,0
148405,93,92,94,13,13,15,13,13,15,0,0,0
148487,97,97,97,9,8,9,9,8,9,0,0,0
148496,90,88,92,12,12,12,12,11,12,0,0,0
148584,65,61,68,14,15,14,14,15,14,0,0,0
148627,84,82,86,14,14,13,13,14,13,0,0,0
148654,86,85,86,13,15,11,12,14,11,0,0,0
149222,87,85,88,19,20,18,18,20,17,1,0,1
149231,97,97,98,16,14,17,16,14,17,0,0,0
149310,91,93,82,100,100,100,100,100,100,0,0,0
149329,100,100,,100,100,,100,100,,0,0,
149505,85,79,89,23,24,23,23,24,23,0,0,0
149514,100,100,100,46,75,0,31,50,0,15,25,0
149639,89,91,92,44,38,58,44,38,58,0,0,0
149772,71,67,74,10,11,10,10,11,9,0,0,0
149781,87,84,90,30,30,30,30,30,30,0,0,0
150066,79,77,82,8,10,7,8,10,7,0,0,0
150136,85,84,86,20,21,20,20,21,20,0,0,0
150145,98,97,98,27,33,24,27,32,24,0,0,0
150163,85,84,85,13,12,14,13,12,14,0,0,0
150400,57,52,62,13,15,12,13,15,12,0,0,0
150455,73,68,77,14,15,13,14,15,13,0,0,0
150534,78,77,79,11,11,11,11,11,11,0,0,0
150604,70,65,74,17,18,17,17,18,17,0,0,0
150668,84,81,87,15,16,14,15,16,14,0,0,0
150677,82,77,85,11,13,10,11,13,10,0,0,0
150756,84,84,84,14,18,12,14,18,12,0,0,0
150774,75,74,77,19,22,16,18,20,16,1,2,0
150941,76,68,81,20,19,21,19,17,20,1,2,1
151102,84,85,83,21,23,20,21,22,19,1,1,1
151111,76,73,78,25,24,25,24,23,24,1,1,1
151263,66,63,69,11,12,10,11,12,10,0,0,0
151290,70,69,72,13,15,12,13,15,12,0,0,0
151306,96,95,96,30,30,30,30,29,30,0,0,0
151324,81,79,82,14,16,13,14,16,13,0,0,0
151333,86,85,87,32,31,32,31,29,31,1,2,1
151342,84,82,85,39,43,37,36,39,34,3,5,3
151351,78,76,80,18,19,17,18,19,17,0,0,0
151360,73,70,75,23,22,24,21,22,21,2,0,3
151379,84,83,85,40,42,39,37,38,36,3,4,2
151388,67,65,68,29,29,29,27,28,26,2,1,3
151467,75,67,76,22,10,23,22,10,23,0,0,0
151777,71,68,75,15,14,15,15,14,15,0,0,0
151786,95,95,96,16,17,15,15,17,14,0,0,1
151801,89,88,90,17,17,17,17,17,17,0,0,0
152080,11,12,11,62,61,62,62,61,62,0,0,0
152099,83,84,79,32,33,31,32,33,31,0,0,1
152318,77,76,81,13,13,12,13,13,12,0,0,0
152336,96,96,96,21,25,21,21,25,21,0,0,0
152381,72,71,73,21,27,18,19,26,17,1,0,2
152390,76,,76,20,,20,20,,20,0,,0
152497,89,50,94,88,100,87,88,100,87,0,0,0
152530,74,72,74,32,32,32,32,32,32,0,0,0
152567,85,86,85,19,20,17,19,20,17,0,0,0
152600,89,89,90,10,10,10,10,10,10,0,0,0
152673,63,63,,18,18,,18,18,,0,0,
153001,78,80,78,21,21,20,21,21,20,0,0,0
153108,86,87,85,21,22,20,21,22,20,0,0,0
153126,72,71,77,6,4,12,6,4,12,0,0,0
153144,64,56,71,5,8,4,5,8,4,0,0,0
153162,80,82,78,14,15,13,14,15,13,0,0,0
153250,68,66,72,38,33,44,38,33,44,0,0,0
153269,64,57,69,10,9,10,10,9,10,0,0,0
153278,89,87,91,23,27,19,23,26,19,0,0,0
153302,60,52,73,64,65,63,62,61,63,2,3,0
153320,68,69,66,69,67,70,68,66,69,1,1,1
153366,81,80,82,16,18,13,16,18,13,0,0,0
153375,99,99,99,21,21,21,21,21,20,0,0,0
153384,15,13,16,31,33,29,31,33,29,0,0,0
153603,89,89,88,29,31,27,29,30,27,0,0,0
153658,84,81,86,22,22,23,22,22,22,0,0,0
153825,100,100,100,19,19,18,19,19,18,0,0,0
153834,72,69,75,20,19,21,20,19,21,0,0,0
153861,96,89,98,75,58,82,42,38,43,34,21,38
153977,100,100,100,26,27,26,7,21,5,19,6,21
154004,71,72,71,16,16,16,16,16,16,0,0,0
154013,83,82,83,28,28,28,28,28,27,0,0,0
154095,93,92,93,31,30,32,31,30,32,0,0,0
154101,80,81,80,27,28,26,27,28,26,0,0,0
154235,77,73,82,17,18,16,17,18,16,0,0,0
154262,80,50,85,92,100,91,92,100,91,0,0,0
154350,86,84,88,22,25,18,22,25,18,0,0,0
154493,96,96,97,34,34,34,34,34,34,0,0,0
154518,77,76,79,20,22,17,20,22,17,0,0,0
154527,76,72,80,17,19,14,17,19,14,0,0,0
154590,52,48,62,42,41,44,42,41,43,0,0,0
154688,94,94,94,26,33,21,25,33,21,0,0,0
154712,98,98,98,23,23,22,23,23,22,0,0,0
154721,56,61,45,22,22,22,22,22,22,0,0,0
154749,94,92,96,16,15,17,16,15,17,0,0,0
154855,53,52,54,35,40,27,34,39,27,0,0,0
155025,98,96,98,23,26,21,23,26,21,0,0,0
155061,90,94,88,42,42,42,40,41,39,2,2,2
155070,51,60,44,67,73,59,67,73,59,0,0,0
155089,55,58,53,45,49,41,45,49,40,0,0,0
155140,90,86,94,72,68,75,70,66,73,2,2,2
155283,96,91,97,57,65,56,57,65,56,0,0,0
155317,93,92,94,25,25,25,25,25,25,0,0,0
155335,74,74,74,20,19,21,20,18,21,0,1,0
155399,82,80,83,27,28,27,27,28,26,1,0,1
155414,72,73,71,19,16,25,19,16,25,0,0,0
155496,100,100,100,67,61,74,67,61,74,0,0,0
155511,77,78,75,22,22,23,22,22,23,0,0,0
155520,79,80,77,26,26,28,26,26,28,0,0,0
155627,83,86,73,14,12,22,13,11,22,1,1,0
155681,89,88,91,32,34,31,31,33,30,0,1,0
155812,87,86,88,21,17,26,20,16,25,1,1,0
155900,76,78,72,19,22,15,19,22,14,0,0,0
155937,48,46,52,30,30,31,30,30,31,0,0,1
155973,65,63,68,38,40,33,38,40,33,0,0,0
156125,94,94,94,20,22,19,19,21,18,1,1,1
156189,75,73,77,11,11,10,11,11,10,0,0,0
156213,63,58,68,26,24,27,26,24,27,0,0,1
156286,86,87,86,13,14,13,13,14,13,0,0,0
156295,19,16,22,54,56,52,54,56,52,0,0,0
156356,35,24,46,19,26,16,19,26,16,0,0,0
156365,80,81,79,14,16,12,13,16,11,1,0,1
156408,54,50,59,19,20,19,19,20,19,0,0,0
156541,99,98,100,33,34,33,28,30,27,5,5,6
156620,78,77,78,20,23,18,19,23,17,1,1,1
156745,91,90,92,26,32,22,26,32,22,0,0,0
156967,81,,81,100,,100,100,,100,0,,0
157030,100,100,100,55,50,67,48,45,56,6,5,11
157058,96,97,96,27,30,25,25,29,23,2,1,2
157076,72,69,76,18,18,18,18,18,18,0,0,0
157085,93,91,94,22,22,22,22,22,22,0,0,0
157100,61,59,68,28,27,30,28,27,30,0,0,0
157289,79,80,79,25,27,24,24,25,23,1,1,1
157377,95,93,97,23,22,24,23,22,24,0,0,0
157386,77,73,83,18,20,19,18,19,19,0,0,0
157401,86,85,86,17,17,17,17,17,17,0,0,0
157447,68,69,68,37,45,33,35,42,31,2,2,2
157748,56,56,56,56,55,57,50,48,53,6,7,3
157757,99,99,100,16,20,13,15,19,12,1,1,1
157809,90,89,92,13,14,12,13,14,12,0,0,0
157818,87,83,88,16,19,15,16,19,15,0,0,0
157863,63,63,66,39,49,26,39,49,26,0,0,0
157951,94,93,95,30,32,29,30,32,29,0,0,0
158477,56,52,59,24,27,22,24,27,22,0,0,0
158802,42,47,86,6,7,6,6,7,6,0,0,0
159009,45,39,48,18,24,15,17,24,14,1,1,1
159382,92,90,93,67,69,66,61,63,60,5,6,5
159391,73,71,75,23,25,22,23,25,22,0,0,0
159416,51,47,53,31,35,30,29,34,27,2,1,3
159568,77,78,76,43,50,33,43,50,33,0,0,0
159647,86,83,89,33,40,28,33,40,28,0,0,0
159656,93,92,93,12,14,11,12,14,11,0,0,0
159717,78,79,78,38,33,42,38,33,42,0,0,0
159939,74,69,78,18,28,13,18,27,13,0,1,0
159966,91,90,91,35,39,33,35,38,33,0,0,0
159993,85,80,88,35,36,35,30,32,29,5,4,6
160038,93,91,93,37,39,37,36,38,36,1,1,1
160065,74,79,71,6,3,7,6,3,7,0,0,1
160074,99,97,99,30,25,30,28,25,28,2,0,2
160612,99,99,99,39,40,38,28,28,28,11,13,10
160621,35,30,38,20,25,18,20,24,18,0,1,0
160630,79,78,79,3,5,3,3,5,2,0,0,0
160658,87,85,88,32,38,29,32,37,28,0,0,0
160755,14,15,13,40,37,42,40,37,42,0,0,0
160904,69,61,72,12,11,12,12,11,12,0,0,0
160959,70,54,78,23,27,22,23,27,22,0,0,0
160977,13,12,14,37,36,37,37,36,37,0,0,0
161004,7,7,7,54,53,54,54,53,54,0,0,0
161022,71,,71,100,,100,60,,60,40,,40
161086,7,7,7,46,47,45,46,47,45,0,0,0
161226,97,97,96,19,19,20,18,18,19,1,1,1
161235,98,97,98,13,18,11,13,17,11,0,1,0
161253,97,96,97,15,18,13,15,18,12,0,0,0
161299,54,57,54,33,36,24,30,33,21,3,3,2
161341,100,100,100,19,20,19,15,17,15,4,3,4
161457,92,91,92,12,13,12,12,13,12,0,0,0
161509,76,66,77,16,17,15,16,17,15,0,0,0
161518,84,82,84,12,15,10,12,15,10,0,0,0
161554,79,72,84,15,18,13,15,17,13,0,1,0
161563,96,96,97,16,16,16,16,16,16,0,0,0
161873,79,89,73,37,49,28,33,39,28,4,10,0
162007,72,66,75,27,34,24,27,33,24,0,1,0
162061,74,76,76,17,19,15,16,18,15,0,1,0
162210,46,46,49,9,13,7,9,12,7,0,0,1
162283,46,41,48,12,12,12,11,12,11,0,0,0
162584,89,89,89,13,15,12,13,15,12,0,0,0
162654,78,73,81,10,10,9,10,10,9,0,0,0
162760,78,75,79,12,10,13,12,10,13,0,0,0
162928,6,7,6,47,44,50,47,44,50,0,0,0
163046,75,75,76,12,13,10,12,13,10,0,0,0
163268,72,71,73,22,26,18,22,26,18,0,0,0
163286,45,42,47,22,22,21,22,22,21,0,0,0
163295,77,66,80,10,12,10,10,12,10,0,0,0
163338,96,96,97,9,11,8,8,11,7,0,0,0
163453,82,79,84,12,16,11,12,16,11,0,0,0
163462,74,74,73,12,15,10,12,15,10,0,0,0
163532,66,66,,78,78,,78,78,,0,0,
163578,82,78,84,8,12,6,8,11,6,0,0,0
163851,87,85,89,18,21,17,18,21,17,0,0,0
163912,69,65,71,17,19,16,17,19,16,0,0,0
163976,55,48,58,25,28,24,25,28,24,0,1,0
164076,82,79,84,18,19,18,18,18,18,0,0,0
164155,9,9,10,84,86,80,84,86,80,0,0,0
164173,79,77,80,17,18,17,17,18,17,0,0,0
164216,57,61,55,12,12,11,12,12,11,0,0,0
164270,78,75,80,14,15,13,14,15,13,0,0,0
164368,60,59,62,13,16,11,13,16,11,0,0,0
164447,100,99,100,11,15,8,11,15,8,0,0,0
164465,9,8,10,39,39,39,39,39,39,0,0,0
164492,50,48,54,6,8,5,6,8,5,0,0,0
164535,85,87,85,36,85,20,36,85,20,0,0,0
164562,83,79,86,10,11,10,10,11,10,0,0,0
164580,17,14,22,39,39,38,39,39,38,0,0,0
164614,91,83,100,10,20,0,10,20,0,0,0,0
164632,85,,86,16,,16,16,,16,0,,0
164739,45,43,49,21,22,20,21,22,20,0,0,0
164748,44,47,40,45,47,44,42,43,41,3,4,3
164924,16,20,14,43,43,43,42,42,41,2,2,2
164988,11,11,11,37,36,38,37,36,38,0,0,0
165015,40,36,44,17,20,16,17,20,16,0,0,0
165024,88,86,89,19,20,19,19,20,18,1,1,0
165060,34,25,35,86,100,85,86,100,85,0,0,0
165264,50,33,54,100,100,100,25,50,21,75,50,79
165334,40,34,44,11,12,10,11,12,10,0,0,0
165529,88,86,89,11,13,11,11,13,11,0,0,0
165574,74,71,76,9,10,8,9,10,8,0,0,0
165608,39,54,38,10,0,11,0,0,0,10,0,11
165662,51,49,52,16,20,14,16,20,14,0,0,0
165671,76,67,79,11,12,11,11,12,11,0,0,0
165699,71,69,72,21,22,21,21,22,21,0,0,0
165802,71,66,75,6,9,5,6,9,5,0,0,0
165820,87,83,90,14,14,13,14,14,13,0,0,0
165866,84,80,87,15,16,15,15,16,15,0,0,0
165936,69,68,70,22,21,22,22,21,22,0,0,0
166018,75,61,79,14,14,11,14,14,11,0,0,0
166027,4,4,4,84,83,84,84,83,84,0,0,0
166054,80,81,78,26,31,14,26,31,14,0,0,0
166124,18,18,18,50,47,52,50,47,52,0,0,0
166391,81,78,83,14,16,12,14,16,12,0,0,0
166452,97,95,97,8,11,7,8,10,7,0,1,0
166513,83,84,82,18,20,16,18,20,15,0,0,0
166629,60,52,67,18,21,16,18,20,16,0,0,0
166638,84,81,85,12,16,10,12,16,10,0,0,0
166656,85,80,87,13,14,13,13,14,13,0,0,0
166674,76,67,79,17,20,17,17,19,16,0,0,0
166683,5,4,7,86,89,81,86,89,81,0,0,0
166692,95,94,98,38,39,33,38,39,33,0,0,0
166850,70,69,71,10,10,10,10,10,10,0,0,0
166939,36,,36,27,,27,27,,27,0,,0
167057,41,48,38,30,29,29,28,28,27,2,2,2
167260,81,80,82,18,20,16,18,20,16,0,0,0
167288,90,84,92,12,15,10,11,15,10,0,0,0
167358,5,5,6,54,53,54,54,53,54,0,0,0
167394,85,89,89,11,20,22,11,20,22,0,0,0
167598,70,70,70,8,9,7,8,9,7,0,0,0
167729,96,95,96,11,14,10,11,13,10,0,0,0
167783,70,,70,11,,11,11,,11,0,,0
167792,96,94,98,54,56,50,54,56,50,0,0,0
167835,21,,21,35,,35,35,,35,0,,0
167871,71,76,68,42,64,30,13,3,18,29,61,12
167899,72,70,75,19,19,19,19,19,19,0,0,0
167987,91,89,92,13,15,12,13,15,12,0,0,0
167996,66,63,69,14,15,13,14,15,13,0,0,0
168005,82,81,85,11,11,12,11,11,12,0,0,0
168148,11,11,12,46,45,46,46,45,46,0,0,0
168218,14,,14,48,,48,48,,48,0,,0
168227,91,91,91,20,21,18,20,21,18,0,0,0
168254,83,82,85,13,13,12,13,13,12,0,0,0
168263,81,82,91,15,16,14,15,16,14,0,0,0
168281,68,61,72,13,15,12,13,15,12,0,0,0
168342,8,8,9,43,45,44,43,45,44,0,0,0
168421,60,58,65,18,20,15,18,19,15,0,0,0
168430,88,87,89,17,18,16,17,18,16,0,0,0
168528,73,72,73,26,29,23,26,29,23,0,0,0
168546,81,78,82,7,8,5,7,8,5,0,0,0
168591,57,49,64,10,11,9,10,11,9,0,0,0
168740,82,81,83,23,23,23,22,22,22,1,1,1
168786,90,90,90,12,14,10,12,14,10,0,0,0
168847,82,79,83,44,43,44,30,31,30,14,12,14
169080,71,69,73,21,22,21,21,22,21,0,0,0
169248,90,89,90,11,11,11,11,11,11,0,0,0
169327,68,73,64,29,29,28,27,28,24,2,1,4
169363,69,68,71,6,6,6,6,6,6,0,0,0
169442,92,85,94,25,27,24,25,27,24,0,0,0
169479,98,98,98,14,15,13,11,13,10,2,2,3
169576,100,,100,75,,75,75,,75,0,,0
169716,75,68,81,13,13,13,13,13,13,0,0,0
169798,80,76,82,10,10,9,10,10,9,0,0,0
169910,91,90,92,15,17,13,15,17,13,0,0,0
169983,79,79,77,15,17,11,15,17,11,0,0,0
170000,99,98,100,44,50,38,35,41,28,9,9,10
170037,78,71,83,19,20,18,16,18,15,2,2,2
170082,83,83,83,19,18,19,18,18,19,0,0,0
170286,21,21,21,56,58,53,54,56,53,1,2,0
170301,79,76,82,20,22,19,20,22,19,0,0,0
170532,75,86,66,12,10,14,12,10,14,0,0,0
170675,56,74,74,18,17,19,18,17,19,0,0,0
170806,63,67,61,25,31,22,25,30,21,0,1,0
170967,98,98,98,22,24,21,22,24,21,0,0,0
170976,16,14,17,47,48,47,47,48,47,0,0,0
171100,85,84,85,18,18,18,18,18,18,0,0,0
171128,92,92,93,13,15,10,13,15,10,0,0,0
171137,56,51,60,14,16,13,14,16,12,0,0,0
171146,70,66,75,7,7,7,6,6,6,0,0,0
171456,84,83,85,15,17,14,15,16,14,0,0,0
171492,65,65,64,29,34,22,26,32,19,2,2,3
171571,88,87,88,15,15,14,14,15,14,0,0,0
171599,83,82,85,20,24,16,20,24,16,0,0,0
171881,69,76,59,37,44,23,35,44,18,2,0,5
172033,100,100,,100,100,,100,100,,0,0,
172051,72,70,73,16,16,16,16,16,16,0,0,0
172264,69,70,67,36,35,38,36,35,38,0,0,0
172334,52,49,53,17,17,16,17,17,16,0,0,0
172644,81,80,83,22,23,21,22,23,20,1,1,1
172699,85,83,86,14,14,13,13,14,13,0,0,0
173045,82,78,85,19,22,17,19,22,17,0,0,0
173124,56,49,61,24,27,22,23,26,22,1,1,1
173142,39,34,44,34,38,31,34,38,31,0,0,0
173160,88,85,90,27,29,25,27,29,25,0,1,0
173258,20,18,23,35,38,32,35,38,32,0,0,0
173300,63,58,66,19,19,19,19,19,19,0,0,0
173328,79,74,82,17,17,16,16,17,16,1,0,1
173452,87,86,88,88,91,86,88,91,86,0,0,0
173647,61,56,65,15,18,13,15,18,13,0,0,0
173665,88,87,88,16,16,16,16,16,16,0,0,0
173902,29,25,31,22,24,20,22,24,20,0,0,0
173920,88,86,90,29,31,28,29,30,28,1,1,1
173957,39,19,44,100,100,100,100,100,100,0,0,0
174020,99,98,100,34,36,32,21,25,19,12,11,13
174066,80,79,80,22,22,23,22,21,23,0,0,0
174075,88,86,89,18,15,19,16,14,18,1,2,1
174127,48,44,52,39,47,36,39,47,36,0,0,0
174154,94,91,94,69,70,69,57,70,55,12,0,14
174233,89,87,90,23,26,20,22,25,20,0,0,0
174251,75,72,77,10,10,10,10,10,9,0,0,0
174358,59,53,64,27,28,27,27,27,27,0,0,0
174437,99,99,99,30,33,27,28,32,24,2,1,3
174491,93,92,95,31,26,35,30,26,34,1,1,1
174747,92,,92,22,,22,22,,22,0,,0
174783,95,96,94,17,16,17,16,15,16,1,1,1
174792,91,91,,22,22,,22,22,,0,0,
174817,93,93,94,19,23,17,19,23,17,0,0,0
174844,48,43,53,27,26,27,27,26,27,0,0,0
174862,23,21,28,38,32,50,34,28,46,4,4,4
174899,93,92,94,17,14,19,17,14,19,0,0,0
174914,85,85,86,21,22,20,21,22,20,0,0,0
175005,92,100,92,19,75,19,18,25,18,1,50,1
175078,62,57,67,22,21,23,21,20,22,1,1,2
175227,99,100,96,68,68,63,58,59,54,9,9,9
175272,75,71,77,24,22,25,24,22,25,0,0,1
175342,45,41,47,21,22,20,19,20,18,2,2,2
175421,50,52,48,19,24,15,18,24,15,0,0,0
175430,89,86,92,57,66,48,57,66,48,0,0,0
175616,100,100,100,18,25,13,17,25,12,1,1,0
175856,93,92,94,7,9,6,6,8,5,0,0,0
175980,43,47,43,18,24,13,18,24,13,0,0,0
176017,97,96,97,19,20,18,18,19,18,0,0,0
176035,90,94,90,35,42,33,34,42,33,0,0,0
176044,92,90,94,32,38,28,23,28,19,9,10,8
176053,29,30,29,91,90,91,91,90,91,0,0,0
176080,78,78,77,20,22,18,20,22,18,0,0,0
176318,49,48,49,6,8,6,6,8,5,0,0,1
176336,100,100,100,60,64,50,60,64,50,0,0,0
176372,99,99,99,25,26,24,24,25,24,1,1,1
176406,60,58,61,10,13,9,10,13,9,0,0,0
176451,57,67,0,25,25,,0,0,,25,25,
176479,60,67,57,48,56,45,48,54,44,1,1,1
176628,88,88,88,7,6,9,7,6,8,0,0,0
176770,100,,100,100,,100,100,,100,0,,0
176789,72,73,70,82,89,71,76,79,71,6,11,0
176947,57,55,60,35,35,35,35,35,35,0,0,0
176965,64,62,65,29,32,26,28,31,26,1,1,0
176983,88,92,67,100,100,100,84,91,25,16,9,75
177038,69,80,63,78,100,60,78,100,60,0,0,0
177083,32,32,,100,100,,100,100,,0,0,
177117,69,,69,22,,22,22,,22,0,,0
177144,99,99,99,10,8,16,10,8,16,0,0,0
177214,58,56,59,22,26,19,22,26,19,0,0,0
177339,72,68,75,39,45,35,39,45,35,0,0,0
177542,73,75,70,47,42,53,47,42,53,0,0,0
177746,55,53,55,35,39,34,35,39,34,0,0,0
177931,67,,67,100,,100,100,,100,0,,0
177968,57,50,54,14,25,23,14,24,23,0,1,1
177986,64,33,73,78,0,88,56,0,63,22,0,25
178059,95,95,95,23,24,22,20,21,19,3,3,3
178183,87,67,89,38,50,38,38,50,38,0,0,0
178208,96,96,98,71,71,71,63,62,67,7,9,5
178244,69,67,70,41,39,43,39,36,41,2,3,2
178341,97,97,97,20,19,21,19,18,20,2,1,2
178369,69,67,72,29,30,28,29,30,28,0,0,0
178396,78,76,80,31,33,30,31,33,29,0,0,0
178402,72,67,75,30,34,28,29,33,27,1,1,1
178411,73,74,70,21,23,16,21,23,16,0,0,0
178420,63,59,65,13,17,11,12,16,10,1,1,1
178615,84,82,85,26,26,26,26,26,25,0,0,0
178624,86,85,87,22,23,22,22,23,21,0,0,0
178679,94,91,95,59,68,53,57,64,52,2,4,1
178697,12,12,12,81,83,80,81,83,80,0,0,0
178767,100,100,100,100,100,100,100,100,100,0,0,0
179043,70,67,72,19,21,18,19,21,18,0,0,1
179159,75,73,77,14,13,14,14,13,14,0,0,0
179265,90,90,90,13,14,13,13,14,13,0,0,0
179326,68,69,67,34,36,33,34,35,33,0,1,0
179548,77,39,83,15,4,16,15,4,16,0,0,0
179557,74,64,81,18,19,17,17,19,17,0,1,0
179566,91,90,91,26,27,25,24,25,24,1,2,1
179867,12,13,12,47,45,49,47,45,48,0,0,0
179894,86,89,83,14,12,15,13,12,15,1,1,1
179946,79,76,82,10,13,8,10,13,8,0,0,0
179955,38,52,42,33,33,33,33,33,33,0,0,0
179964,71,66,76,24,27,21,23,27,21,0,0,0
180106,71,66,75,22,22,22,22,22,22,0,0,0
180258,50,48,52,50,51,50,49,51,47,2,0,3
180416,91,89,94,21,24,18,21,24,18,0,0,0
180461,82,84,81,20,23,18,19,21,17,2,2,2
180489,96,95,97,19,20,19,18,19,18,1,1,2
180595,70,72,67,29,35,22,29,35,22,0,0,0
180692,100,100,100,17,19,15,16,19,15,0,0,0
180832,78,80,78,100,100,100,49,75,46,51,25,54
180878,67,58,69,67,57,69,47,57,47,20,0,22
180984,86,83,90,25,22,29,25,22,29,0,0,0
181002,80,80,79,18,17,19,18,17,19,0,0,0
181020,98,98,98,21,21,19,20,21,19,0,0,0
181127,72,70,73,18,19,16,18,19,16,0,0,0
181215,89,86,92,19,19,18,18,19,18,0,0,0
181297,73,73,73,52,50,52,50,50,50,2,0,3
181330,66,70,62,31,34,30,31,34,30,0,0,0
181394,87,86,88,26,26,26,26,25,26,1,1,0
181446,80,77,83,16,15,17,16,15,17,0,0,0
181464,87,86,89,30,34,27,30,34,26,0,0,0
181543,42,60,29,80,67,100,80,67,100,0,0,0
181604,45,,45,35,,35,35,,35,0,,0
181738,100,100,100,12,13,12,12,13,12,0,0,0
181853,52,55,48,42,47,36,42,47,35,1,1,1
182281,96,95,97,36,38,35,35,37,34,1,1,1
182290,74,74,74,26,29,26,25,27,25,1,2,1
182634,80,72,84,13,13,13,13,13,13,0,0,0
182670,5,6,5,69,69,70,69,69,70,0,0,0
182795,93,93,94,13,14,12,13,14,12,0,0,0
182980,92,90,95,9,10,8,9,10,8,0,0,0
183026,100,99,100,38,34,40,8,8,8,30,27,32
183044,88,85,90,14,15,13,14,15,13,0,0,0
183062,90,88,92,15,17,13,14,17,13,0,0,0
183071,81,83,79,17,24,12,17,24,12,0,0,0
183080,88,84,91,14,15,12,14,15,12,0,0,0
183211,83,73,87,15,15,15,15,15,15,0,0,0
183239,78,74,81,16,15,17,16,15,17,0,0,0
183822,70,70,70,16,21,12,15,20,12,1,1,0
183910,71,57,83,9,11,7,9,11,7,0,0,0
183974,83,80,86,15,15,15,13,14,13,1,1,2
184348,68,65,70,11,13,9,11,13,9,0,0,0
184603,91,87,95,12,12,11,11,12,11,1,0,1
184694,95,92,100,11,10,11,10,10,11,0,0,0
184773,79,79,79,12,12,12,12,12,11,0,0,1
184782,78,76,79,23,26,21,23,26,21,0,0,0
184968,20,,20,100,,100,100,,100,0,,0
185129,98,99,98,10,13,8,10,13,8,0,0,0
185262,76,72,79,19,20,18,18,20,18,0,0,0
185572,89,86,91,10,11,10,10,11,10,0,0,0
185590,88,86,89,18,20,17,18,20,17,0,0,0
185679,59,50,59,20,69,16,9,31,7,11,38,9
185828,65,63,70,17,20,13,17,20,13,0,0,0
186131,5,4,5,75,77,74,75,77,74,0,0,0
186186,95,95,,97,97,,97,97,,0,0,
186201,71,70,71,18,18,18,18,18,18,0,0,0
186283,79,79,78,9,10,9,9,10,9,0,0,0
186371,66,65,67,2,2,3,2,2,3,0,0,0
186380,58,57,59,21,22,19,21,22,19,0,0,0
186399,71,70,73,7,8,7,7,8,7,0,0,0
186432,90,89,92,11,12,11,11,11,11,0,0,0
186584,73,73,73,9,9,9,9,9,9,0,0,0
186618,71,62,77,8,9,7,7,9,7,0,0,0
186867,48,46,51,21,22,19,21,22,19,0,0,0
186876,89,87,90,16,17,15,16,17,15,0,0,0
186900,43,43,,100,100,,100,100,,0,0,
187134,62,59,65,20,20,19,20,20,19,0,0,0
187444,90,88,91,13,14,12,12,14,11,0,0,0
187648,92,92,91,37,43,33,36,43,31,1,0,1
187745,97,96,98,71,71,72,64,58,66,8,13,6
187912,53,55,41,68,68,67,68,68,67,0,0,0
187967,44,43,48,27,31,22,27,30,22,0,0,0
187985,95,95,95,31,33,30,30,32,29,1,1,1
188030,89,87,90,21,22,20,20,22,19,1,0,1
188429,66,60,70,10,9,11,10,9,11,0,0,0
188526,53,44,57,7,10,6,7,10,6,0,0,0
188641,74,70,77,10,11,9,10,11,9,0,0,0
188669,32,54,30,50,29,55,50,29,55,0,0,0
188678,92,89,94,25,20,28,25,20,28,0,0,0
188854,24,22,25,27,28,27,26,27,25,1,1,1
188915,67,0,75,83,,83,50,,50,33,,33
188942,84,,84,100,,100,100,,100,0,,0
189088,52,43,57,13,15,12,13,15,12,0,0,0
189097,9,,9,69,,69,68,,68,1,,1
189273,90,90,,100,100,,100,100,,0,0,
189705,72,68,77,13,14,12,13,14,12,0,0,0
189857,87,87,,98,98,,98,98,,0,0,
190008,8,19,3,5,3,9,5,3,9,0,0,0
190044,77,79,75,9,12,6,9,12,6,0,0,0
190099,14,12,16,29,30,28,29,30,28,0,0,0
190114,90,89,90,49,50,49,25,29,23,25,21,26
190150,4,4,4,65,71,60,63,69,58,2,1,2
190372,21,20,22,52,48,57,52,48,57,0,0,0
190415,9,8,10,64,65,63,64,65,63,0,0,0
190451,78,,75,43,,33,29,,17,14,,17
190503,91,88,94,31,36,27,31,36,27,0,0,0
190512,48,42,53,19,23,16,19,23,16,0,0,0
190549,58,54,62,10,12,9,10,11,9,0,0,0
190558,92,92,92,17,19,15,16,18,14,1,1,1
190567,60,53,66,12,15,10,12,14,10,1,1,0
190576,68,60,81,12,17,8,2,2,2,10,15,6
190594,54,49,57,17,14,18,16,14,18,0,0,0
190600,57,51,61,19,17,20,19,17,20,0,0,0
190637,57,51,60,12,14,11,12,13,11,0,0,0
190646,86,87,86,6,5,6,5,4,6,1,1,1
190655,80,81,80,18,19,17,16,17,16,2,2,2
190664,64,60,68,12,14,11,12,14,11,0,0,0
190691,64,61,66,8,8,7,7,8,7,0,0,0
190707,86,100,83,100,100,100,100,100,100,0,0,0
190716,81,81,81,11,11,11,11,11,11,0,1,0
190725,68,61,72,11,11,12,11,11,12,0,0,0
190752,92,92,,100,100,,100,100,,0,0,
190761,63,62,64,19,22,18,19,22,18,0,0,0
190956,0,,0,,,,,,,,,
190983,77,76,78,12,12,12,12,12,12,0,0,0
191126,60,51,63,56,59,55,54,57,54,2,2,1
191205,54,55,54,43,52,33,43,52,33,0,0,0
191241,59,56,61,10,10,9,10,10,9,0,0,0
191515,14,13,14,39,42,37,39,42,37,0,0,0
191533,70,65,74,10,9,10,10,9,10,0,0,0
191597,17,18,17,85,100,82,85,100,82,0,0,0
191621,97,96,98,18,18,18,18,18,18,0,0,0
191630,64,58,70,15,16,14,15,16,14,0,0,0
191649,68,65,70,10,11,10,10,11,10,0,0,0
191676,89,87,90,23,27,21,23,27,20,0,0,0
191931,87,83,90,13,14,12,13,14,12,0,0,0
191968,69,71,68,12,13,11,12,13,11,0,0,0
192040,49,79,84,59,100,100,59,100,100,0,0,0
192110,9,13,6,63,66,60,63,66,60,0,0,0
192192,68,49,77,14,14,15,14,14,15,0,0,0
192271,96,92,97,19,16,20,19,16,20,0,0,0
192323,83,82,84,11,11,11,11,11,11,0,0,0
192448,86,84,86,8,9,9,8,9,8,0,0,0
192624,100,100,,71,71,,71,71,,0,0,
192703,79,80,78,8,11,6,8,10,6,0,0,0
192712,41,43,39,25,25,26,25,25,26,0,0,0
192749,87,85,89,11,11,11,11,11,11,0,0,0
192785,44,33,46,28,38,27,14,31,13,14,8,14
192800,100,,100,100,,100,100,,100,0,,0
192819,57,62,53,20,20,20,20,20,20,0,0,0
192864,83,76,85,6,5,7,6,5,7,0,0,0
192961,100,,100,100,,100,50,,50,50,,50
193016,86,83,87,14,14,14,14,14,14,0,1,0
193052,80,80,,78,78,,78,78,,0,0,
193061,56,56,,100,100,,100,100,,0,0,
193070,60,60,,100,100,,100,100,,0,0,
193247,89,89,,92,92,,92,92,,0,0,
193292,82,80,83,12,12,12,12,12,12,0,0,0
193308,68,78,61,43,40,46,41,39,43,2,1,3
193353,89,86,90,7,9,6,7,8,6,0,0,0
193399,85,83,87,14,15,13,13,14,13,0,1,0
193584,75,73,75,12,12,11,12,12,11,0,0,0
193609,53,57,50,38,50,25,38,50,25,0,0,0
193654,63,61,64,21,21,22,21,20,21,0,0,0
193751,94,83,97,100,100,100,100,100,100,0,0,0
193900,9,9,9,55,57,54,55,57,54,0,0,0
193973,87,87,88,15,14,15,15,14,15,0,0,0
194091,81,78,85,8,10,7,8,9,6,1,1,1
194116,63,57,64,29,23,30,19,15,20,10,8,10
194189,100,100,,100,100,,100,100,,0,0,
194310,76,72,78,8,9,8,8,9,8,0,0,0
194392,77,79,75,19,23,14,19,22,14,0,0,0
194499,30,30,30,55,55,55,55,55,55,0,0,0
194569,56,50,67,100,100,100,100,100,100,0,0,0
194578,73,69,75,18,22,17,18,22,17,0,0,0
194657,94,94,,100,100,,100,100,,0,0,
194693,92,92,,100,100,,100,100,,0,0,
194718,91,91,,100,100,,100,100,,0,0,
194736,100,100,,100,100,,100,100,,0,0,
194763,98,98,,98,98,,98,98,,0,0,
194824,63,65,60,12,12,12,12,12,12,0,0,0
194958,71,63,76,19,24,16,19,24,16,0,0,0
195003,67,67,67,16,18,14,16,18,14,0,0,0
195030,40,38,42,15,17,14,15,17,14,0,0,0
195128,53,51,58,19,20,20,19,20,20,0,0,0
195164,82,79,84,17,18,17,17,18,17,0,0,0
195191,100,,100,0,,0,0,,0,0,,0
195216,54,51,57,13,15,11,13,15,11,0,0,0
195243,93,92,94,12,14,10,12,14,10,0,0,0
195289,100,,100,100,,100,0,,0,100,,100
195304,62,61,62,15,16,14,15,16,14,0,0,0
195474,69,69,69,12,12,12,12,12,11,0,0,0
195526,21,17,24,27,27,26,27,27,26,0,0,0
195544,72,69,73,13,14,12,12,14,12,0,0,0
195702,100,,100,100,,100,50,,50,50,,50
195720,66,64,68,20,22,19,20,22,19,0,0,0
195809,83,81,85,12,13,11,12,13,11,0,0,0
196006,76,79,72,16,19,12,16,19,12,0,0,0
196015,92,94,91,16,16,16,16,16,15,0,0,0
196024,89,87,91,14,17,11,14,17,11,0,0,0
196033,84,80,87,19,19,19,19,19,19,0,0,0
196042,63,67,60,27,29,24,26,28,23,1,1,1
196051,92,91,93,14,17,13,14,17,13,0,0,0
196060,69,67,71,13,13,12,13,13,12,0,0,0
196079,39,39,38,16,17,15,16,17,15,0,0,0
196088,74,73,76,14,16,12,14,16,12,0,0,0
196097,49,47,50,15,17,13,15,17,13,0,0,0
196103,63,65,62,18,20,16,17,20,16,0,0,0
196112,81,81,82,9,10,7,9,10,7,0,0,0
196121,71,68,72,14,15,14,14,15,13,0,0,0
196130,73,69,76,9,10,9,9,10,8,0,0,0
196149,60,53,65,13,15,12,13,15,12,0,0,0
196158,78,74,80,14,16,13,14,16,13,0,0,0
196167,66,63,69,10,10,9,10,10,9,0,0,0
196176,62,56,66,11,10,11,11,10,11,0,0,0
196185,70,64,73,11,12,11,11,12,11,0,0,0
196194,81,80,81,10,12,9,10,12,9,0,0,0
196200,78,75,79,10,11,9,10,11,9,0,0,0
196219,74,70,76,13,15,12,13,15,12,0,0,0
196237,84,81,86,12,14,11,12,14,11,0,0,0
196246,78,75,80,12,13,11,11,12,11,0,0,0
196291,72,73,72,30,32,21,30,32,21,0,0,0
196413,46,47,45,19,20,18,19,20,18,0,0,0
196431,77,77,,84,84,,84,84,,0,0,
196440,100,100,,100,100,,100,100,,0,0,
196583,56,56,,60,60,,60,60,,0,0,
196592,61,65,59,43,47,42,35,40,33,8,7,8
196653,97,95,98,42,17,45,31,6,34,11,11,11
196866,44,39,50,14,15,13,14,15,13,0,0,0
197027,34,34,35,64,65,62,64,65,62,0,0,0
197036,12,14,10,78,79,74,78,79,74,0,0,0
197045,92,92,94,13,14,12,12,14,11,0,0,0
197133,19,20,18,29,29,29,29,29,29,0,0,0
197142,87,88,87,24,26,24,22,24,22,2,3,2
197151,93,89,94,21,22,20,21,22,20,0,0,0
197197,88,85,90,20,20,20,20,20,20,0,0,0
197221,14,14,15,76,83,56,76,83,56,0,0,0
197285,94,94,96,21,26,18,21,25,18,0,1,0
197647,88,88,,53,53,,53,53,,0,0,
197692,72,72,,77,77,,77,77,,0,0,
197708,56,56,56,61,65,57,61,65,57,0,0,0
197744,30,30,,100,100,,100,100,,0,0,
197869,90,89,91,18,19,17,18,19,17,0,0,0
197911,94,94,94,10,15,7,10,15,7,0,0,0
197984,75,70,78,13,16,10,12,16,10,0,0,0
197993,51,,51,10,,10,10,,10,0,,0
198066,42,44,40,27,30,21,27,30,21,0,0,0
198109,23,33,23,44,0,50,44,0,50,0,0,0
198136,87,84,89,10,12,9,10,11,9,0,0,0
198215,75,72,79,13,14,11,13,14,11,0,0,0
198303,69,65,73,12,16,10,12,16,10,0,0,0
198385,13,13,14,48,49,47,48,49,47,0,0,0
198419,6,6,6,59,59,58,59,59,58,0,0,0
198464,89,88,90,17,19,16,17,19,16,0,0,0
198507,64,62,66,12,18,8,12,18,8,0,0,0
198516,66,65,67,13,15,13,13,15,13,0,0,0
198543,82,77,84,15,18,13,14,17,13,1,1,1
198561,77,73,80,11,15,9,11,15,9,0,0,0
198598,70,67,73,7,10,4,7,10,4,0,0,0
198613,80,77,83,10,13,8,10,13,8,0,0,0
198695,75,75,76,12,14,10,12,14,10,0,0,0
198756,45,57,59,13,17,11,13,16,11,0,0,0
198808,77,75,78,14,14,14,14,14,14,0,0,0
198835,85,85,85,11,12,10,11,12,10,0,0,0
198862,59,47,66,9,16,5,9,16,5,0,0,0
198871,56,56,56,40,45,33,40,45,32,0,0,1
198899,68,73,72,31,33,29,31,33,29,1,1,0
198950,74,,74,18,,18,18,,18,0,,0
198969,75,72,79,15,17,13,15,17,13,0,0,0
199032,69,66,72,18,21,15,18,20,15,0,0,0
199069,76,76,76,20,23,18,18,22,15,2,1,3
199102,50,50,50,15,18,14,15,18,14,0,0,0
199111,92,92,92,11,12,10,11,12,10,0,0,0
199120,15,15,15,45,41,49,45,41,48,0,0,0
199139,80,78,81,24,28,22,24,28,21,0,0,1
199148,89,86,90,21,23,21,21,22,20,0,0,0
199157,87,84,88,11,11,11,11,11,11,0,0,0
199184,30,31,30,55,61,52,55,61,52,0,0,0
199193,42,38,46,32,35,29,32,35,29,0,0,0
199209,80,80,81,18,19,15,17,19,15,0,0,0
199218,64,60,66,21,23,20,21,23,20,0,0,0
199272,94,94,95,17,21,14,17,21,14,0,0,0
199281,93,93,93,11,11,11,10,10,11,1,0,1
199306,96,96,96,14,19,10,14,19,10,0,0,0
199412,62,62,62,9,11,8,9,11,7,0,0,0
199458,62,67,54,20,24,13,20,24,13,0,0,0
199582,34,22,54,3,3,3,3,3,3,0,0,0
199607,77,,77,8,,8,8,,8,0,,0
199643,80,76,82,4,6,3,4,6,3,0,0,0
199759,75,72,80,79,77,82,48,41,58,31,36,24
199847,22,23,20,36,35,37,36,35,37,0,0,0
199865,71,58,79,18,19,17,18,19,17,0,0,0
199962,91,90,92,3,3,3,3,3,3,0,0,0
199999,78,73,80,13,13,13,13,13,13,0,0,0
200004,82,79,84,13,14,12,13,14,12,0,0,0
200059,37,30,47,52,61,44,49,58,41,3,3,3
200156,88,87,90,36,41,30,36,41,30,0,0,0
200217,75,76,75,41,45,39,40,44,39,1,1,1
200253,65,64,65,78,73,82,75,71,77,3,2,5
200280,77,73,82,35,35,35,34,34,34,1,1,1
200332,95,95,95,32,35,30,32,34,30,0,0,0
200484,26,28,24,77,84,71,44,42,46,33,42,25
200572,99,99,99,54,60,48,51,58,44,3,2,3
200785,95,92,95,69,73,68,44,45,43,25,27,25
200800,60,56,63,18,20,16,18,20,16,1,1,1
200846,90,90,90,41,41,38,36,34,34,5,7,4
201061,34,18,40,11,15,8,11,15,8,0,0,0
201104,76,75,78,16,18,14,15,16,14,1,2,0
201177,46,82,44,53,79,50,45,71,42,8,7,8
201195,76,78,74,19,20,19,19,20,18,0,0,0
201371,67,62,84,9,8,10,9,8,10,0,0,0
201441,81,80,82,21,21,20,20,21,20,0,0,0
201539,63,67,62,69,63,70,58,0,68,11,63,2
201548,70,63,76,12,14,10,12,14,10,0,0,0
201645,37,36,37,12,12,12,12,12,12,0,0,0
201654,65,70,62,34,35,33,34,35,33,0,0,0
201690,99,99,99,19,24,17,19,24,17,0,0,0
201803,100,100,100,50,0,57,50,0,57,0,0,0
201821,59,56,59,59,43,60,57,43,58,2,0,2
201885,85,85,86,23,25,21,22,25,20,0,0,0
201964,38,35,40,49,51,49,36,38,35,13,13,13
202046,61,44,68,20,18,20,20,18,20,0,0,0
202073,47,50,45,15,10,21,15,10,21,0,0,0
202134,91,91,91,16,19,14,15,18,14,0,0,0
202170,68,56,70,32,38,29,32,38,29,0,0,0
202480,65,60,72,12,12,11,12,12,11,0,0,0
202514,48,53,39,22,24,43,21,24,42,0,0,2
202523,17,16,19,24,24,24,24,24,24,0,0,0
202763,83,80,86,17,18,16,17,18,16,0,0,0
202903,75,70,82,65,58,71,50,47,53,15,12,19
202912,46,53,45,75,56,77,29,33,29,46,22,48
202985,71,,71,100,,100,100,,100,0,,0
203030,100,100,100,100,100,100,100,100,100,0,0,0
203085,86,84,88,18,18,18,18,18,18,0,0,0
203128,94,93,95,13,13,14,13,13,14,0,0,0
203368,81,78,84,16,17,15,16,17,15,0,0,0
203386,85,97,84,88,86,88,84,86,84,4,0,4
203517,86,85,87,20,18,22,20,18,21,0,0,0
203535,31,25,37,18,20,17,18,20,17,0,0,0
203544,77,79,76,71,64,72,35,27,36,35,36,35
203580,70,70,70,20,21,18,20,21,18,0,0,0
203757,74,69,77,21,22,21,20,21,19,1,1,1
203775,76,73,78,23,23,23,23,23,23,0,0,0
203845,79,77,81,13,14,12,13,14,12,0,0,0
203960,93,100,93,46,80,43,28,55,25,19,25,18
204024,75,74,76,14,14,14,14,14,14,0,0,0
204176,84,100,83,66,80,66,58,60,58,8,20,8
204185,78,77,81,23,23,24,23,23,24,0,0,0
204194,84,82,86,29,30,28,29,30,28,0,0,0
204200,59,63,54,25,22,28,24,22,28,0,0,0
204264,82,78,87,17,16,19,17,16,19,0,0,0
204501,34,29,39,19,21,19,19,21,19,0,0,0
204617,94,94,95,11,13,10,11,13,9,0,0,0
204635,74,79,70,20,21,18,20,21,18,0,0,0
204796,61,60,62,22,21,22,22,21,22,0,0,0
204857,85,82,87,19,19,19,19,19,19,0,0,0
204893,100,,100,100,,100,100,,100,0,,0
204909,56,47,65,13,13,13,13,13,13,0,0,0
204936,85,86,84,18,19,17,18,19,16,0,0,0
205027,96,96,,100,100,,100,100,,0,0,
205054,83,50,86,67,67,67,67,67,67,0,0,0
205124,83,83,,90,90,,90,90,,0,0,
205391,92,90,92,30,28,30,26,24,27,4,4,4
205957,58,60,57,42,45,39,41,44,38,1,1,1
206048,80,77,85,11,11,11,10,10,10,1,0,1
206084,92,90,93,19,20,18,18,20,17,0,1,0
206349,75,56,77,22,5,23,21,5,23,0,0,0
206437,71,68,74,19,20,19,19,20,19,0,0,0
206491,41,53,35,8,9,7,8,9,7,0,0,0
206507,92,91,93,20,19,21,19,19,20,1,0,1
206525,72,69,76,12,15,9,12,15,9,0,0,0
206589,60,54,66,11,11,12,11,11,12,0,0,0
206604,96,96,97,20,20,21,20,20,20,0,0,0
206622,86,85,87,7,8,7,7,8,7,0,0,0
206695,84,84,85,29,36,26,29,35,25,1,1,1
206835,66,64,70,38,38,38,38,38,38,0,1,0
206941,78,75,80,43,42,43,41,39,41,2,3,2
207041,58,58,59,42,45,40,38,40,37,5,5,4
207157,58,63,52,70,70,68,66,67,66,3,4,3
207263,100,99,100,39,41,37,37,39,35,2,2,2
207306,65,65,66,39,45,34,38,44,33,1,1,1
207324,97,99,96,36,41,32,35,40,30,1,0,2
207388,75,76,75,27,28,26,26,28,26,0,0,0
207403,49,48,51,21,22,20,21,22,20,0,0,0
207458,77,73,80,20,18,22,20,18,22,0,0,0
207500,77,74,78,29,30,29,25,26,24,5,4,5
207582,99,99,99,19,19,19,15,15,15,4,4,4
207722,66,56,69,36,36,32,35,36,31,0,1,0
207847,76,71,81,51,56,48,46,52,42,5,4,6
207971,62,70,55,23,25,21,21,23,20,2,2,2
208479,97,100,97,84,93,84,84,93,84,0,0,0
208512,89,100,85,88,100,82,88,100,82,0,0,0
208646,98,98,99,20,23,18,19,21,18,1,2,1
208725,80,83,78,35,37,33,33,37,29,3,0,5
208822,94,94,93,18,19,17,18,19,17,0,0,0
209056,78,72,82,10,11,9,10,11,9,0,0,0
209065,85,83,87,17,16,17,17,16,17,0,0,0
209241,100,100,,100,100,,100,100,,0,0,
209409,67,65,70,19,21,17,19,21,17,0,0,0
209506,95,95,95,11,13,10,10,12,9,1,1,1
209542,77,75,79,20,22,19,18,20,17,2,2,2
209551,88,86,90,14,15,14,14,15,14,0,0,0
209603,75,61,78,28,30,28,28,30,28,0,0,0
209612,90,89,91,13,14,12,13,14,12,0,0,0
209807,91,90,91,18,22,16,17,20,15,2,2,1
209825,89,87,90,10,9,10,10,9,10,0,0,0
209922,25,18,28,13,15,9,13,15,9,0,0,0
210146,89,88,90,29,30,25,28,29,23,1,1,1
210304,71,67,74,12,14,10,11,13,10,1,2,0
210331,94,95,93,27,26,28,27,26,28,0,0,0
210401,77,72,80,14,14,14,14,14,14,0,0,0
210429,98,98,98,19,22,17,18,21,16,1,1,1
210492,83,82,84,11,17,7,11,17,7,0,0,0
210571,76,70,81,7,9,6,7,9,6,0,0,0
210669,55,48,63,10,11,9,10,11,9,0,0,0
210739,77,74,79,17,19,15,17,19,15,0,0,0
210775,58,51,65,13,13,13,13,13,13,0,0,0
211088,80,74,84,7,9,7,7,9,7,0,0,0
211273,29,,29,32,,32,32,,32,0,,0
211291,29,26,32,30,32,28,30,32,28,0,0,0
211431,87,84,88,16,13,17,16,12,16,0,0,0
211440,12,10,15,46,49,42,46,49,42,0,0,0
211468,84,63,85,14,3,14,14,3,14,0,0,0
211477,18,22,17,83,76,87,14,17,13,69,59,74
211556,62,51,68,13,16,12,13,15,12,0,0,0
211583,74,72,76,7,11,5,7,11,5,0,0,0
211635,83,100,80,100,100,100,100,100,100,0,0,0
211802,30,45,28,18,0,22,18,0,22,0,0,0
211893,5,4,5,92,100,92,92,100,92,0,0,0
211981,93,92,94,20,17,21,20,17,21,0,0,0
212009,42,38,45,21,23,20,21,23,20,0,0,0
212054,79,78,81,8,9,7,8,9,7,0,0,0
212106,84,82,84,13,13,14,13,13,14,0,0,0
212115,92,92,92,19,21,18,19,20,18,0,0,0
212133,91,90,91,21,21,22,18,20,17,3,1,5
212197,78,74,81,18,19,17,18,19,17,0,0,0
212577,28,25,31,17,18,16,17,18,16,0,0,0
212601,74,71,77,11,10,13,11,10,13,0,0,0
212674,39,34,45,16,18,14,16,18,14,0,0,0
212805,72,73,72,37,38,36,37,38,36,0,0,0
212832,90,89,90,17,19,16,17,19,16,0,0,0
212911,12,11,14,43,46,40,43,46,40,0,0,0
212984,71,63,76,21,23,20,21,23,20,0,0,0
213011,86,81,88,13,16,12,13,15,12,0,0,0
213020,91,89,92,24,26,23,23,25,22,1,1,0
213163,100,100,99,12,14,12,12,14,12,0,0,0
213233,98,99,91,57,58,54,54,55,54,3,3,0
213251,79,76,82,17,19,15,17,19,15,0,0,0
213303,85,82,88,11,11,11,10,11,9,1,0,1
213321,93,93,94,14,15,13,14,15,13,0,0,0
213349,91,89,92,18,18,19,18,18,19,0,0,0
213358,76,72,79,10,11,9,10,10,9,0,0,0
213367,97,97,96,9,9,10,9,9,10,0,0,0
213385,31,29,34,22,22,22,22,22,22,0,0,0
213400,56,51,60,34,34,33,21,20,21,13,14,13
213507,84,83,85,19,20,19,19,20,19,0,0,0
213543,26,24,28,28,31,26,28,31,26,0,0,0
213598,66,62,68,12,15,11,12,15,11,0,0,0
213622,81,91,80,15,20,15,15,20,15,0,0,0
213668,74,72,76,13,13,12,13,13,12,0,0,0
213774,95,93,96,11,14,9,10,13,9,0,0,0
213826,61,49,68,17,20,16,17,20,16,0,0,0
213914,78,100,77,59,100,58,59,100,58,0,0,0
213987,81,77,84,20,21,20,20,21,20,0,0,0
213996,79,77,80,29,32,27,29,32,27,0,0,0
214023,50,50,50,100,100,100,67,50,100,33,50,0
214041,86,85,88,18,17,19,18,16,19,1,1,0
214069,71,73,70,17,17,18,17,17,18,0,0,0
214148,56,,56,17,,17,17,,17,0,,0
214157,54,46,61,16,17,15,16,17,15,0,0,0
214166,82,70,89,25,23,25,24,23,25,0,0,0
214175,72,68,75,13,13,13,13,13,13,0,0,0
214272,81,76,84,10,10,10,10,10,10,0,0,0
214476,82,83,82,100,100,100,94,100,93,6,0,7
214528,80,73,97,62,56,73,58,52,70,4,5,3
214591,97,97,97,15,17,11,15,17,11,0,0,0
214625,95,97,94,22,33,14,22,33,14,0,0,0
214634,92,94,91,28,23,32,25,21,28,3,2,4
214643,97,97,97,15,17,12,15,17,12,0,0,0
214652,99,99,98,9,13,5,8,13,5,0,0,0
214670,97,97,98,14,17,11,14,17,11,0,0,0
214689,98,98,98,10,13,8,10,13,8,0,0,0
214698,96,97,94,10,9,9,9,9,9,0,0,0
214704,99,99,98,9,12,7,9,11,7,0,0,0
214713,98,98,98,11,13,10,11,13,9,0,0,0
214731,98,99,98,17,20,13,16,20,13,0,1,0
214740,97,98,96,28,36,19,28,36,19,0,0,0
214759,95,95,96,14,18,12,14,18,12,0,0,0
214768,96,97,96,26,33,20,26,32,20,0,0,0
214777,61,58,63,17,19,16,17,19,16,0,0,0
214786,96,97,96,19,24,14,19,24,14,0,0,0
214795,98,98,98,24,28,22,24,28,22,0,0,0
214801,97,97,97,11,14,8,11,14,8,0,0,0
214810,97,96,97,20,26,17,20,26,17,0,0,0
214829,97,98,97,11,13,8,10,12,8,0,1,0
214892,56,54,59,55,53,58,55,53,58,0,0,0
215053,99,98,100,32,37,31,32,36,31,1,1,0
215062,5,5,5,68,68,68,68,68,68,0,0,0
215114,88,85,92,45,46,44,42,43,42,3,3,2
215266,89,90,87,8,9,7,8,9,7,0,0,0
215275,95,95,95,17,18,17,17,18,17,0,0,0
215284,95,95,95,18,21,15,18,20,15,0,0,0
215293,58,55,60,13,13,13,13,13,13,0,0,0
215309,35,29,35,63,100,59,58,100,55,4,0,5
215442,97,96,97,10,12,9,10,12,9,0,0,0
215594,29,56,27,100,100,100,74,80,73,26,20,27
215637,43,54,41,52,74,55,52,74,55,0,0,0
215655,90,90,90,10,11,9,10,11,9,0,0,0
215682,75,74,82,70,71,65,70,71,65,0,0,0
215691,76,76,76,8,12,6,8,12,6,0,0,0
215743,77,79,81,20,19,21,20,19,21,0,0,0
215770,89,91,88,14,15,13,14,15,13,0,0,0
215798,62,58,70,20,20,21,20,20,21,0,0,0
215929,81,84,80,11,13,10,11,13,10,0,0,0
215947,80,76,82,14,16,13,14,16,13,0,0,0
215974,78,81,78,6,8,6,6,8,6,0,0,0
215992,85,85,86,77,91,72,77,91,72,0,0,0
216010,87,86,87,18,19,17,17,19,16,0,0,0
216038,71,72,71,34,35,33,33,35,33,0,0,0
216047,100,100,,100,100,,100,100,,0,0,
216083,97,100,96,72,84,68,66,84,61,6,0,7
216278,81,81,83,14,14,13,14,14,13,0,0,0
216287,7,8,7,44,44,44,44,44,44,0,0,0
216296,71,71,72,65,65,63,65,65,62,0,0,1
216311,90,90,,86,86,,86,86,,0,0,
216339,80,79,81,15,16,15,15,16,14,0,0,0
216357,72,67,84,11,9,16,11,9,16,0,0,0
216366,81,81,81,12,12,12,12,12,12,0,0,0
216524,92,91,93,12,15,10,12,15,10,0,0,0
216542,61,64,58,28,29,27,28,29,27,0,0,1
216597,27,28,26,28,27,28,27,27,28,0,0,0
216667,81,76,84,13,16,10,13,16,10,0,0,0
216694,90,89,91,19,19,19,19,19,19,0,0,0
216764,78,75,80,22,26,21,22,25,21,0,0,0
216773,100,100,100,76,100,75,76,100,75,0,0,0
216807,93,91,94,12,14,11,12,14,11,0,0,0
216852,71,65,75,14,13,14,14,13,14,0,0,0
216931,91,90,91,9,9,9,9,9,9,0,0,0
216940,22,22,,81,81,,81,81,,0,0,
217013,92,90,93,21,14,24,19,14,21,2,0,3
217040,100,100,,100,100,,100,100,,0,0,
217059,74,68,77,15,17,13,15,17,13,0,0,0
217156,5,7,4,65,64,66,65,64,66,0,0,0
217165,65,59,76,14,15,12,14,15,12,0,0,0
217235,88,85,90,16,16,16,16,16,16,0,0,0
217305,67,77,56,23,26,18,23,26,18,0,0,0
217402,51,53,49,19,20,19,19,20,19,0,0,0
217420,92,90,93,23,23,23,23,23,23,0,0,0
217484,72,70,75,15,17,14,15,17,14,0,0,0
217493,19,20,18,41,47,40,41,47,40,0,0,0
217518,88,86,89,13,14,12,13,14,12,0,0,0
217536,68,65,69,13,17,12,13,17,12,0,0,0
217624,73,68,75,6,10,4,6,10,4,0,0,0
217633,55,56,54,33,35,31,32,35,31,0,0,0
217688,96,96,97,18,19,17,18,18,17,0,0,0
217721,96,96,96,8,11,6,8,11,6,0,0,0
217776,100,99,100,33,34,33,32,33,31,2,1,2
217819,60,54,62,12,12,12,12,12,12,0,0,0
217864,23,26,12,91,91,87,91,91,87,0,0,0
217873,65,67,64,7,7,8,7,7,8,0,0,0
217882,38,36,40,21,22,20,21,22,20,0,0,0
217907,94,93,96,23,28,19,23,28,19,0,0,0
217925,94,94,94,35,36,34,35,36,34,0,0,0
217934,94,94,94,9,11,8,8,11,7,1,1,1
217961,68,58,72,12,12,12,12,12,12,0,0,0
217998,63,66,61,22,26,16,22,26,16,0,0,0
218061,86,87,86,22,25,21,22,25,21,0,0,0
218070,43,37,48,13,14,12,13,14,12,0,0,0
218229,81,83,81,23,26,21,23,26,21,0,0,0
218238,97,98,97,11,15,8,11,15,8,0,0,0
218414,90,89,91,10,12,9,10,12,9,0,0,0
218441,67,70,64,32,33,32,32,32,32,0,0,0
218539,68,65,71,12,14,10,12,13,10,0,0,0
218645,79,78,79,28,33,26,28,33,26,0,0,0
218654,73,70,73,26,31,24,26,31,24,0,0,0
218663,60,55,63,23,24,22,23,24,22,0,0,0
218672,83,86,81,66,69,64,62,62,62,4,7,2
218681,76,77,75,23,28,19,22,28,17,1,0,2
218690,74,79,70,54,59,50,53,58,49,1,1,1
218706,62,70,56,58,67,48,57,66,47,1,1,1
218724,75,71,78,17,17,17,17,17,17,0,0,0
218733,83,84,82,11,15,9,10,14,8,1,1,1
218742,67,65,68,24,26,23,24,26,23,0,0,0
218821,78,78,78,28,33,25,27,32,25,1,1,0
218964,79,76,81,15,17,14,15,17,14,0,0,0
218973,52,48,55,18,23,15,18,23,15,0,0,0
219000,68,63,73,26,25,28,26,25,28,0,0,0
219046,96,97,96,30,29,30,27,27,27,3,2,3
219082,88,88,88,18,20,14,17,20,13,1,0,1
219091,73,75,70,21,21,23,21,21,23,0,0,0
219198,43,43,41,23,21,26,21,18,26,1,2,0
219240,85,79,93,9,11,7,0,0,0,9,11,7
219259,93,89,96,35,37,34,34,35,32,2,2,2
219347,80,81,78,38,41,29,36,39,28,2,2,2
219356,98,98,99,34,32,36,33,31,35,1,1,1
219383,83,78,86,15,17,15,15,16,15,0,0,0
219471,99,98,99,24,21,26,23,21,25,1,1,1
219602,96,96,97,27,28,27,25,24,25,3,4,2
219639,82,84,82,35,19,37,31,19,32,4,0,4
219709,95,95,96,18,20,17,18,20,17,0,0,0
219718,60,63,58,32,39,26,30,38,24,2,2,2
219806,90,90,91,17,20,14,17,20,14,0,0,0
219833,87,87,86,13,18,10,13,18,10,0,0,0
219903,95,91,95,57,52,57,57,52,57,0,0,0
219949,67,69,66,41,43,39,40,42,38,0,0,1
219976,68,64,70,25,28,23,25,28,23,0,0,0
220075,86,86,87,25,27,23,24,27,23,1,0,1
220181,37,30,41,9,17,5,8,17,5,0,1,0
220215,60,61,59,36,49,29,36,49,29,0,0,0
220464,100,100,100,82,80,83,71,60,72,12,20,10
220473,65,64,66,32,33,32,31,32,31,1,0,1
220516,100,99,100,20,28,15,20,28,15,0,1,0
220604,99,99,99,52,56,49,49,52,47,3,4,2
220613,71,72,70,35,40,32,35,40,32,0,0,0
220631,63,59,64,16,20,14,15,19,14,1,0,1
220701,87,88,86,26,32,23,26,32,23,0,0,0
220710,61,55,66,14,15,13,14,15,13,0,0,0
220862,72,72,72,18,20,17,18,20,16,0,0,0
220978,69,69,69,30,34,28,30,33,28,0,0,0
221351,50,45,54,12,14,11,12,13,11,0,0,0
221519,57,52,61,18,20,16,18,20,16,0,0,0
221661,65,69,71,37,40,35,36,39,34,1,0,1
221731,69,66,70,30,38,27,30,38,26,0,0,0
221740,81,82,80,29,32,27,29,32,27,0,0,0
221759,42,45,39,27,30,26,27,30,26,0,0,0
221768,88,86,89,23,27,21,23,27,21,0,0,0
221838,70,66,72,13,14,13,13,14,13,0,0,0
221847,76,76,76,23,26,19,23,26,19,0,0,0
221892,69,66,71,27,32,24,27,32,24,0,0,0
221953,72,71,75,16,16,16,16,16,16,0,0,0
221971,60,60,61,30,35,27,29,35,26,1,1,1
221999,6,6,6,61,60,62,61,60,62,0,0,0
222178,66,58,71,12,13,12,12,13,12,0,0,0
222831,83,81,84,28,29,27,28,28,27,0,0,0
222983,48,42,53,14,17,13,14,17,13,0,0,0
223083,100,100,100,100,100,100,100,100,100,0,0,0
223117,29,29,,75,75,,75,75,,0,0,
223232,51,57,48,14,14,14,14,14,14,0,0,0
223472,81,50,83,67,50,67,67,50,67,0,0,0
224004,91,90,92,8,10,7,8,10,6,0,0,0
224147,89,88,89,21,22,20,20,21,20,1,1,1
224226,89,87,90,11,11,11,11,11,11,0,0,0
224244,22,22,21,41,41,42,41,41,42,0,0,0
224323,53,52,55,20,22,19,20,22,19,0,0,0
224527,58,60,56,35,36,34,34,36,33,0,0,1
224545,64,64,63,17,16,17,16,15,16,1,1,1
224554,92,91,93,12,15,11,12,14,11,0,0,0
225201,51,49,57,98,98,100,98,98,100,0,0,0
225247,90,88,91,12,19,8,12,19,8,0,0,0
225399,84,81,86,11,13,9,10,12,8,1,1,1
225414,91,89,91,22,26,20,17,20,15,5,6,4
225432,90,88,91,20,24,18,15,18,12,5,6,5
225502,96,96,96,12,15,10,11,14,9,1,1,1
225511,74,72,76,27,28,26,25,25,24,2,2,2
225548,67,67,68,27,34,21,23,28,19,4,6,1
225575,39,40,38,23,23,23,23,23,23,0,0,0
225627,98,98,98,9,8,10,9,8,10,0,0,0
225991,68,66,75,57,52,67,57,52,67,0,0,0
226091,86,84,88,22,24,21,21,23,20,1,2,1
226152,44,42,46,36,38,35,36,37,35,0,1,0
226231,38,40,36,22,26,18,21,26,17,1,0,1
226383,73,76,72,26,29,24,26,29,24,0,0,0
226471,96,95,96,6,7,5,5,7,5,0,0,0
226587,57,55,59,12,13,11,12,13,11,0,0,0
226833,94,93,94,13,12,13,13,12,13,0,0,0
227216,72,69,75,24,26,23,24,25,22,1,1,1
227368,94,92,96,41,42,39,32,32,31,9,10,8
227429,40,38,42,14,15,13,11,13,10,2,1,3
227526,79,75,81,18,16,19,18,15,19,1,1,1
227757,8,8,8,44,44,44,44,44,44,0,0,0
227845,81,78,83,10,11,9,10,11,9,0,0,0
227863,90,90,90,30,31,29,29,30,29,1,1,1
227881,90,88,91,21,24,20,20,23,19,1,1,1
228042,88,88,89,15,18,13,15,18,13,0,0,0
228149,98,97,98,13,14,12,13,14,12,0,0,0
228246,63,61,65,18,19,17,18,19,17,0,0,0
228325,89,87,92,57,57,57,56,57,56,1,0,1
228343,43,40,46,14,16,13,14,16,13,0,0,0
228431,94,93,95,17,17,17,17,16,17,0,0,0
228459,89,87,91,27,28,26,26,27,25,1,1,1
228468,78,99,68,21,23,19,20,21,19,1,2,0
228501,99,99,98,18,19,17,18,19,17,0,0,0
228529,90,86,92,24,27,23,23,25,22,1,2,1
228705,91,88,93,16,19,14,16,18,13,0,0,1
228723,57,57,58,40,40,39,35,35,35,5,6,5
228769,80,79,81,26,29,25,24,26,22,3,3,3
228778,27,23,31,47,47,47,47,47,47,1,1,1
228787,65,63,68,20,23,18,19,22,17,1,1,1
228796,100,100,100,34,33,34,27,26,27,7,7,7
228802,94,93,95,27,28,27,23,23,23,4,4,4
228875,44,41,47,25,26,24,25,26,24,0,0,0
228981,96,95,97,17,21,14,17,21,14,0,0,0
229018,95,93,96,44,45,43,41,42,39,3,3,4
229027,87,84,89,27,30,25,21,24,19,6,7,5
229063,97,96,97,18,20,17,17,18,16,1,2,1
229115,73,72,73,27,28,26,27,28,26,0,0,0
229160,69,67,71,14,17,12,14,17,12,0,0,0
229179,96,95,96,20,16,20,20,16,20,0,0,0
229267,26,25,27,20,22,19,20,22,19,0,0,0
229780,56,59,53,32,38,25,29,36,21,3,2,4
229814,99,99,99,33,36,32,32,35,31,1,1,1
230038,68,61,74,78,78,77,76,76,76,2,2,2
230047,47,68,38,75,68,80,74,67,79,1,2,1
230603,82,80,83,14,13,14,12,11,13,1,2,1
230728,92,93,92,24,21,26,21,19,24,2,2,2
230764,86,85,87,26,26,26,25,26,25,1,1,1
230807,67,62,70,10,12,8,10,12,8,0,0,0
230816,45,24,57,12,13,11,11,12,11,0,0,0
230852,83,83,83,12,17,7,11,17,7,1,1,1
230959,11,12,10,44,40,49,44,40,49,0,0,0
230995,74,73,77,14,16,11,13,15,10,1,1,0
231059,85,79,89,12,13,11,12,13,11,0,0,0
231095,67,61,71,11,21,4,11,21,4,0,0,0
231165,82,84,80,23,24,21,21,23,19,2,2,2
231174,65,62,67,16,18,15,16,18,15,0,0,0
231411,54,54,49,43,42,46,43,42,46,0,0,0
231420,57,62,50,18,20,15,17,19,14,1,1,1
231554,59,64,50,18,28,13,18,28,13,0,1,0
231581,92,90,93,10,12,8,10,12,8,0,0,0
231624,34,37,32,27,26,27,27,26,27,0,0,0
231651,38,40,37,22,24,20,13,14,13,8,10,7
231712,86,85,87,18,20,17,18,20,17,0,0,0
232025,84,81,86,12,14,11,12,14,11,0,0,0
232043,100,100,100,12,16,10,12,16,10,0,0,0
232089,89,90,88,12,12,10,12,12,10,0,0,0
232186,87,85,90,20,24,17,19,22,17,1,1,1
232256,41,41,,23,23,,23,23,,0,0,
232265,62,60,63,10,12,10,10,12,10,0,0,0
232308,68,,68,10,,10,10,,10,0,,0
232423,72,67,74,18,20,17,18,20,17,0,0,0
232557,99,99,99,24,27,23,19,19,18,6,7,4
232566,90,89,91,17,14,19,17,13,19,0,0,0
232609,43,36,50,15,17,13,15,17,13,0,0,0
232618,100,,100,0,,0,0,,0,0,,0
232681,80,76,82,18,19,17,18,19,17,0,0,0
232706,93,92,94,12,14,10,11,13,10,0,0,0
232937,88,85,89,13,13,13,13,13,13,0,0,0
232982,90,89,91,20,21,19,20,21,19,0,0,0
233277,90,87,91,14,13,15,14,13,15,0,0,0
233295,87,85,88,19,19,19,19,19,19,0,0,0
233301,94,94,94,12,14,10,12,14,10,0,0,0
233338,89,83,90,33,34,37,30,31,33,3,3,4
233374,22,24,21,23,24,23,23,24,23,0,0,0
233408,13,14,13,100,100,100,13,0,14,88,100,86
233426,83,83,83,10,11,9,10,11,9,0,0,0
233541,77,83,73,17,17,16,17,17,16,0,0,0
233611,96,98,95,21,23,20,21,22,20,0,0,0
233718,76,,76,13,,13,13,,13,0,,0
233897,29,33,26,15,15,14,15,15,14,0,0,0
233921,55,52,59,25,26,25,25,26,25,0,0,0
234030,93,91,93,22,21,22,21,21,22,0,0,0
234076,17,16,17,40,39,41,40,39,41,0,0,0
234085,71,73,67,32,33,26,32,33,26,0,0,0
234155,89,86,90,14,18,13,14,18,12,0,0,0
234164,98,98,98,14,18,12,12,16,10,2,2,1
234173,73,67,77,12,13,11,12,13,11,0,0,0
234207,14,12,16,41,44,39,41,44,39,0,0,0
234827,91,89,92,20,22,18,19,20,17,1,1,1
235024,62,56,64,19,18,18,19,18,18,0,0,0
235097,91,90,91,23,24,22,21,23,21,1,1,1
235167,96,96,97,25,32,22,25,31,21,1,1,1
235316,82,82,81,17,18,17,17,18,17,0,0,0
236133,83,75,88,31,37,28,31,37,28,0,0,0
236230,78,74,81,14,13,14,14,13,14,0,0,0
236328,72,66,78,11,12,11,11,12,11,0,0,0
236452,90,89,90,13,13,13,13,13,13,0,0,0
236577,83,79,86,16,15,16,16,15,16,0,0,0
236595,77,79,76,14,15,13,14,14,13,0,0,0
236939,87,86,87,20,22,18,19,22,18,0,0,0
236948,39,35,43,27,28,25,26,28,25,0,0,0
237011,93,93,94,23,25,21,23,25,21,0,0,0
237057,38,31,44,14,15,13,14,15,13,0,0,0
237066,90,89,90,14,15,13,14,15,13,0,0,0
237136,78,73,83,79,95,65,78,92,65,1,3,0
237181,59,58,83,27,51,21,27,51,21,0,0,0
237215,97,97,98,33,29,36,31,28,34,2,2,2
237312,62,52,66,17,25,19,16,25,19,0,0,1
237330,93,89,96,18,19,17,18,19,17,0,0,0
237358,94,92,96,25,30,22,25,30,22,0,0,0
237367,99,98,99,34,33,34,33,33,33,1,0,1
237525,96,96,96,28,29,27,28,29,27,0,0,0
237561,58,66,52,74,68,81,74,68,81,0,0,0
237792,97,96,97,32,31,32,31,30,32,1,1,0
237899,96,92,98,6,7,4,5,7,4,0,0,0
237932,97,97,98,32,34,30,31,33,30,0,0,0
237950,37,33,43,52,52,53,52,51,53,1,1,0
237969,93,93,94,23,23,22,23,23,22,0,0,0
238032,89,87,91,25,26,24,25,26,24,0,0,0
238078,63,66,60,10,11,9,10,11,9,0,0,0
238096,75,,75,100,,100,100,,100,0,,0
238193,86,,86,17,,16,16,,16,0,,0
238324,97,100,97,86,75,86,78,75,78,7,0,8
238333,63,60,67,9,9,9,9,9,9,0,0,0
238458,67,63,69,18,15,19,17,15,19,0,0,0
238476,87,86,88,11,12,11,11,12,11,0,0,0
238616,78,75,81,14,14,14,14,14,13,0,0,0
238661,76,70,78,16,17,17,16,17,16,0,0,0
238980,86,87,86,16,18,14,16,18,14,0,0,0
239017,64,59,69,17,19,15,17,19,15,0,0,0
239071,72,70,74,69,69,68,57,56,58,11,13,9
239080,75,68,80,18,20,17,15,17,14,3,3,3
239105,81,79,84,14,14,14,14,14,14,0,0,0
239309,61,60,58,33,29,32,33,29,32,0,0,0
239318,59,59,59,17,17,17,17,17,17,0,0,0
239390,62,,62,14,,14,14,,14,0,,0
239512,75,73,77,10,14,6,10,14,6,0,0,0
239628,80,77,83,11,11,11,11,11,11,0,0,0
239716,86,82,89,14,14,14,14,14,14,0,0,0
240107,72,64,78,16,17,16,16,17,16,0,0,0
240189,86,85,86,25,27,22,24,27,21,1,1,1
240268,82,80,84,28,29,28,28,29,27,0,0,0
240277,89,85,91,25,27,24,24,26,23,1,1,1
240329,76,71,79,43,44,43,43,44,43,0,0,0
240338,78,75,83,20,17,25,20,17,25,0,0,0
240365,87,84,88,21,23,20,21,23,20,0,0,0
240374,75,71,79,26,29,24,24,27,22,2,2,2
240392,94,94,94,69,69,69,21,27,21,48,42,48
240417,88,87,89,24,27,22,24,26,21,1,1,1
240426,93,92,94,19,19,19,19,19,18,1,0,1
240444,45,42,48,29,27,30,29,27,30,0,0,0
240453,91,89,92,24,24,24,23,23,23,1,1,0
240462,89,91,88,30,32,26,29,32,25,1,0,1
240471,82,77,85,25,25,25,25,24,25,0,1,0
240480,92,90,93,23,26,22,23,26,21,0,0,0
240727,97,97,97,24,24,24,23,24,23,0,0,0
241191,100,100,100,52,62,45,47,58,40,5,4,5
241225,66,65,67,89,87,90,84,82,85,5,5,6
241331,100,100,100,76,72,77,71,66,72,5,6,5
241395,94,97,92,17,15,17,15,15,15,2,0,3
241410,98,98,98,32,32,32,32,32,32,0,0,0
241720,75,86,68,98,100,96,88,100,76,10,0,20
241766,78,80,75,87,90,79,14,8,29,72,83,50
241836,96,95,96,100,100,100,53,59,51,47,41,49
241951,100,100,100,98,89,100,97,89,98,2,0,2
242042,93,92,98,93,100,76,90,97,73,3,3,2
242556,79,78,80,85,75,98,72,59,90,13,16,8
242583,63,63,64,100,100,100,91,93,88,9,7,13
242617,42,54,45,98,98,98,97,97,97,2,1,2
242626,42,44,47,98,97,98,96,94,96,2,3,2
242635,38,48,45,91,95,90,90,95,89,1,1,1
242644,86,95,96,56,56,56,55,54,56,1,2,0
242653,70,81,81,27,28,27,27,27,26,1,1,1
242662,34,40,38,85,87,83,84,87,82,0,1,0
242680,27,90,82,99,99,98,97,97,97,1,2,1
242699,36,51,47,99,100,98,97,97,97,2,3,1
242705,40,50,36,97,98,97,96,96,95,2,2,1
242954,74,63,79,100,100,100,66,58,69,34,42,31
243106,81,82,81,95,97,94,94,95,94,1,1,0
243115,59,60,59,77,81,75,77,81,75,0,0,0
243133,35,35,35,78,76,80,78,76,80,0,0,0
243142,55,56,54,70,69,71,70,68,71,0,1,0
243151,53,54,54,77,77,76,77,76,76,0,0,0
243179,55,55,57,86,84,87,86,83,87,1,0,1
243188,64,67,63,55,58,53,54,58,52,0,0,1
243197,57,61,51,71,73,68,71,73,68,0,0,0
243212,52,52,52,84,88,82,84,88,82,0,0,0
243221,55,55,55,71,73,71,71,73,71,0,0,0
243443,58,60,58,61,67,58,58,64,55,3,4,3
243568,60,80,40,100,100,100,100,100,100,0,0,0
243586,99,99,99,15,17,15,15,16,14,1,0,1
243638,87,86,88,49,46,52,45,42,47,5,4,5
243665,99,99,99,35,40,33,31,35,29,4,5,4
243744,4,3,4,82,82,82,82,82,82,0,0,0
243780,50,47,55,29,31,27,29,31,26,0,0,1
243832,61,59,61,77,71,79,7,7,7,70,64,73
244233,100,100,100,100,100,100,81,67,82,19,33,18
244437,91,91,91,27,31,24,20,24,17,7,7,6
245652,53,51,62,37,35,41,36,35,40,0,0,1
245777,38,38,,67,67,,67,67,,0,0,
245953,92,95,90,69,65,72,54,59,50,15,6,21
246071,100,100,100,100,100,100,100,100,100,0,0,0
247649,49,54,42,48,52,42,34,38,28,14,14,14
247773,90,90,,100,100,,100,100,,0,0,
248633,100,,100,100,,100,100,,100,0,,0
248934,75,81,71,26,26,26,26,26,26,0,0,0
250027,77,91,74,61,74,57,60,74,56,1,0,1
260363,100,100,100,100,100,100,100,100,100,0,0,0
262129,73,71,74,19,23,16,19,23,16,0,0,0
262466,100,,100,100,,100,100,,100,0,,0
363934,98,99,95,43,44,40,27,29,17,16,14,23
365213,71,82,60,58,63,52,6,7,5,52,56,46
365383,79,86,78,17,17,17,17,17,17,0,0,0
365763,100,100,100,92,100,90,92,100,90,0,0,0
366261,86,90,85,100,100,100,100,100,100,0,0,0
366711,95,95,95,14,15,13,13,14,13,1,1,1
367972,94,60,100,100,100,100,100,100,100,0,0,0
368452,46,46,47,50,49,52,50,49,52,0,0,0
369455,92,100,90,70,60,72,70,60,72,0,0,0
369668,96,95,97,71,75,70,71,75,70,0,0,0
373711,71,100,68,80,100,77,80,100,77,0,0,0
375966,81,71,82,100,100,100,29,40,28,71,60,72
377218,69,69,,58,58,,58,58,,0,0,
377546,66,67,66,41,36,42,41,36,42,0,0,0
377555,91,90,91,24,26,22,23,25,21,1,1,1
377564,83,83,82,21,25,19,20,23,18,1,2,1
379621,100,,100,100,,100,67,,67,33,,33
382416,75,50,80,100,100,100,100,100,100,0,0,0
383084,100,100,100,99,98,100,81,75,85,18,23,15
384254,43,49,37,39,39,39,39,39,39,0,0,0
384421,92,92,,100,100,,100,100,,0,0,
385619,81,84,79,66,62,70,66,62,70,0,0,0
386153,84,,84,73,,73,68,,68,5,,5
386472,94,94,94,69,69,69,38,44,37,31,25,33
392354,0,0,0,,,,,,,,,
399869,74,77,50,92,93,86,92,93,86,0,0,0
399911,43,32,51,46,44,47,46,44,47,0,0,0
405058,90,90,,100,100,,100,100,,0,0,
406422,67,100,64,76,100,73,76,100,73,0,0,0
407610,100,100,100,40,40,40,20,0,40,20,40,0
409698,97,97,98,10,9,10,10,9,10,0,0,0
414878,40,37,43,56,55,59,31,36,28,25,18,31
417327,100,100,,100,100,,100,100,,0,0,
417442,57,100,55,100,100,100,100,100,100,0,0,0
417628,62,75,56,100,100,100,75,33,100,25,67,0
417646,50,,50,100,,100,100,,100,0,,0
417655,100,100,100,100,100,100,100,100,100,0,0,0
417682,100,,100,80,,80,80,,80,0,,0
417716,41,50,38,100,100,100,100,100,100,0,0,0
417734,100,100,100,100,100,100,27,100,21,73,0,79
417752,38,30,43,67,33,83,56,33,67,11,0,17
417868,31,29,31,100,100,100,75,0,81,25,100,19
417992,100,100,100,100,100,100,59,0,63,41,100,38
418010,42,33,43,94,100,94,55,100,52,39,0,42
418029,88,100,86,74,80,74,74,80,74,0,0,0
418065,79,77,80,94,100,93,60,52,62,34,48,31
418427,58,0,61,79,,79,79,,79,0,,0
418445,80,91,77,97,100,96,70,90,61,27,10,35
418524,38,91,74,74,80,73,74,80,73,0,0,0
418588,75,40,78,100,100,100,100,100,100,0,0,0
419217,100,,100,100,,100,100,,100,0,,0
420325,37,37,,100,100,,100,100,,0,0,
421708,100,100,100,53,50,54,40,13,46,13,38,8
421841,43,43,43,43,45,43,43,45,43,0,0,0
421878,70,54,73,32,5,36,32,5,36,0,0,0
422695,56,56,56,57,80,44,57,80,44,0,0,0
426314,58,60,47,52,54,60,11,11,13,41,43,47
428170,87,80,87,62,49,64,38,30,37,24,19,27
430670,100,100,100,100,100,100,100,100,100,0,0,0
430883,43,50,40,67,100,50,67,100,50,0,0,0
430971,100,100,100,100,100,100,100,100,100,0,0,0
431266,70,67,71,64,75,63,0,0,0,64,75,63
431600,88,88,88,14,10,15,8,10,8,7,0,8
431983,100,100,,100,100,,100,100,,0,0,
433004,50,,50,100,,100,100,,100,0,,0
433040,83,100,100,57,63,58,57,63,58,0,0,0
433174,60,73,58,58,45,61,12,14,12,46,32,49
433536,92,50,94,70,100,69,59,0,60,11,100,9
433660,63,63,64,21,23,20,17,18,17,3,5,3
436818,87,86,87,12,17,9,12,17,9,0,0,0
436827,88,87,90,12,15,10,12,15,10,0,0,0
436836,83,83,83,10,13,8,10,12,8,0,0,0
437237,89,88,100,100,100,100,100,100,100,0,0,0
438337,90,84,93,87,85,88,81,80,81,6,5,7
439455,64,65,64,70,73,69,33,45,32,37,27,38
439701,61,65,57,19,10,31,9,3,15,11,6,15
439862,100,100,100,100,100,100,70,50,75,30,50,25
440396,84,89,80,66,68,64,64,66,61,2,1,3
440828,63,59,67,14,16,12,11,13,10,2,3,2
441487,100,100,100,55,83,48,55,83,48,0,0,0
441609,37,37,,73,73,,73,73,,0,0,
441636,78,56,82,61,50,62,47,21,50,13,29,11
441742,100,100,100,75,65,77,67,59,68,9,6,9
441858,96,100,96,100,100,100,79,100,78,21,0,22
441900,87,86,87,33,24,36,29,20,32,4,4,4
441937,95,95,95,6,5,7,6,5,7,0,0,0
441982,25,19,44,44,49,38,44,49,38,0,0,0
442356,41,56,40,41,43,41,33,29,34,8,14,7
442426,80,100,78,61,100,56,39,50,38,21,50,18
442523,93,88,96,49,73,32,49,73,32,0,0,0
443058,76,89,68,11,18,5,0,0,0,11,18,5
443261,98,100,98,64,50,62,41,25,44,23,25,17
443410,64,62,69,27,28,26,27,28,26,0,0,0
443599,53,63,52,59,60,59,14,10,15,45,50,44
444413,79,79,,100,100,,100,100,,0,0,
444510,68,44,75,59,43,61,59,43,61,0,0,0
444866,97,100,97,58,75,57,41,75,40,17,0,17
445188,91,90,91,7,8,6,7,8,6,0,0,0
445267,88,94,38,81,83,42,16,16,21,65,67,21
445692,87,86,89,14,16,9,14,16,9,0,1,0
445708,80,78,81,14,15,13,14,15,13,0,0,0
446048,41,38,46,33,33,33,33,33,33,0,0,0
446233,74,69,100,84,88,71,84,88,71,0,0,0
446303,42,25,50,100,100,100,100,100,100,0,0,0
446385,88,83,92,18,22,15,18,22,15,0,0,0
446561,10,10,10,94,86,96,94,86,96,0,0,0
446640,87,86,89,10,14,6,9,13,5,0,1,0
447263,62,65,61,80,79,80,59,68,58,20,12,22
447689,95,95,96,44,46,43,37,38,36,8,8,7
447953,41,44,35,100,100,100,88,88,88,13,13,13
449384,42,53,29,74,82,50,74,82,50,0,0,0
449506,80,75,82,85,87,84,85,87,84,0,0,0
449612,38,38,37,100,100,100,100,100,100,0,0,0
449658,58,58,,71,71,,71,71,,0,0,
449764,28,28,28,51,35,71,51,35,71,0,0,0
449861,73,67,73,53,50,53,53,50,53,0,0,0
449870,100,100,100,25,0,33,25,0,33,0,0,0
451237,100,,100,100,,100,100,,100,0,,0
451352,94,100,94,60,80,59,40,60,38,20,20,21
451370,86,86,,96,96,,96,96,,0,0,
451398,44,44,,100,100,,100,100,,0,0,
451404,98,98,,94,94,,94,94,,0,0,
451413,19,16,19,100,100,100,100,100,100,0,0,0
451927,77,79,76,48,49,46,44,49,39,4,0,7
452106,100,100,,100,100,,100,100,,0,0,
454227,83,100,81,66,56,67,35,11,37,31,44,30
454236,88,,88,86,,86,57,,57,29,,29
454245,91,,91,70,,70,70,,70,0,,0
455196,68,68,68,76,92,74,43,58,42,32,34,32
455257,70,70,,100,100,,100,100,,0,0,
455664,46,53,45,66,38,73,0,0,0,66,38,73
455770,100,100,100,60,37,100,60,37,100,0,0,0
456959,71,65,73,20,17,21,20,17,21,0,0,0
457129,91,100,83,100,100,100,60,60,60,40,40,40
457624,4,0,5,100,,100,100,,100,0,,0
457800,100,100,100,59,58,59,29,29,29,30,30,30
457925,75,100,50,100,100,100,100,100,100,0,0,0
459736,0,,0,,,,,,,,,
459842,92,88,93,70,71,69,46,71,41,24,0,28
459851,93,86,94,69,67,69,45,50,44,24,17,25
459949,93,92,93,14,16,13,14,16,12,1,1,1
460181,90,84,91,54,75,52,54,75,52,0,0,0
460190,90,94,90,42,41,42,42,41,42,0,0,0
460206,95,98,94,50,53,50,50,53,50,0,0,0
460349,91,92,90,55,57,54,6,5,6,49,51,48
460871,90,100,89,78,100,75,67,100,63,11,0,13
461528,53,48,58,33,21,44,20,13,28,12,8,16
461759,100,100,100,81,100,67,71,84,61,10,16,6
461847,100,100,,67,67,,67,67,,0,0,
462354,80,74,84,43,55,35,41,52,34,2,3,1
463056,88,90,87,22,25,20,22,25,20,0,0,0
464226,78,80,75,26,26,27,24,23,26,2,2,2
466921,100,,100,78,,78,56,,56,22,,22
466930,84,75,85,69,67,70,54,67,52,15,0,17
475200,29,100,0,100,100,,0,0,,100,100,
475422,100,,100,100,,100,100,,100,0,,0
475608,100,100,100,88,94,81,88,94,81,0,0,0
475705,100,100,100,100,100,100,100,100,100,0,0,0
475732,91,100,90,84,80,85,66,40,70,19,40,15
475741,100,,100,67,,67,67,,67,0,,0
476601,100,100,,100,100,,100,100,,0,0,
476683,78,40,83,100,100,100,100,100,100,0,0,0
476692,57,57,,59,59,,59,59,,0,0,
476939,74,94,71,100,100,100,100,100,100,0,0,0
476975,98,99,98,99,99,100,23,18,28,76,82,71
477233,74,68,78,45,50,43,45,50,43,0,0,0
479956,91,92,90,31,30,31,20,18,21,11,13,10
479992,80,100,50,50,33,100,0,0,0,50,33,100
480198,59,85,38,5,2,12,0,0,0,5,2,12
480569,40,42,40,38,13,52,27,0,41,11,13,10
480781,18,22,10,71,70,80,71,70,80,0,0,0
480985,86,,86,67,,67,67,,67,0,,0
481182,18,0,20,100,,100,100,,100,0,,0
481225,100,100,,100,100,,100,100,,0,0,
481289,36,27,38,100,100,100,100,100,100,0,0,0
481410,52,52,,58,58,,58,58,,0,0,
481438,85,85,,96,96,,96,96,,0,0,
481456,100,100,100,44,100,39,15,67,10,29,33,29
482149,86,88,86,25,28,24,25,27,23,1,1,1
482158,100,100,100,30,36,26,26,32,22,4,4,4
482185,42,42,42,58,56,58,58,56,58,0,0,0
482228,95,92,100,68,75,57,37,42,29,32,33,29
482413,100,,100,50,,50,50,,50,0,,0
482431,99,97,100,73,70,76,45,47,42,28,23,34
482468,100,100,100,100,100,100,88,86,89,13,14,11
482477,98,98,98,78,74,80,39,35,42,38,40,38
482556,100,,100,100,,100,100,,100,0,,0
482574,100,,100,100,,100,56,,56,44,,44
482680,68,70,66,48,50,46,45,46,43,3,3,3
482936,58,59,53,20,22,15,19,21,14,1,1,2
483018,89,82,93,14,14,14,14,14,14,0,0,0
483036,100,100,100,66,68,64,29,33,23,37,35,41
483124,67,63,69,54,47,58,0,0,0,54,47,58
483780,7,9,5,67,70,60,67,70,60,0,0,0
483814,28,48,26,91,82,93,91,82,93,0,0,0
483948,100,100,100,100,100,100,79,82,50,21,18,50
484075,90,83,100,70,100,33,48,73,17,22,27,17
484473,61,63,60,90,91,89,82,84,81,8,7,8
484844,3,3,3,44,46,43,44,46,43,0,0,0
484905,84,81,87,11,10,12,9,8,10,2,2,2
485360,100,,100,100,,100,100,,100,0,,0
485698,44,43,57,95,98,75,95,98,75,0,0,0
485856,100,,,100,,,100,,,0,,
485999,89,89,,84,84,,84,84,,0,0,
486017,50,50,,100,100,,100,100,,0,0,
486026,100,100,,100,100,,100,100,,0,0,
486196,53,53,,98,98,,98,98,,0,0,
486284,93,90,93,6,11,5,6,11,5,0,0,0
486424,75,65,78,59,40,64,47,40,49,12,0,15
486488,67,50,100,50,0,100,50,0,100,0,0,0
486512,79,73,86,66,71,61,66,71,61,0,0,0
486840,69,69,70,38,44,34,36,41,32,2,3,2
486901,72,72,73,28,32,25,28,32,25,0,0,0
486938,76,100,75,85,100,83,54,100,50,31,0,33
486947,86,,86,67,,67,0,,0,67,,67
486956,100,100,100,67,50,71,39,50,36,28,0,36
487092,13,14,12,15,16,14,15,16,14,0,0,0
487375,100,100,100,93,83,97,73,67,76,20,17,21
487524,81,78,84,24,20,27,18,18,18,6,2,9
487588,100,100,100,65,100,64,65,100,64,0,0,0
487658,43,35,61,46,42,53,46,42,53,0,0,0
487746,25,25,,100,100,,100,100,,0,0,
487861,85,54,97,56,29,62,32,29,32,24,0,29
487977,100,100,100,100,100,100,89,0,100,11,100,0
488305,100,100,100,70,86,70,68,79,70,3,7,0
488314,54,54,,60,60,,60,60,,0,0,
488350,54,54,,89,89,,89,89,,0,0,
488420,80,,80,100,,100,0,,0,100,,100
488563,100,100,,100,100,,100,100,,0,0,
488590,91,100,86,100,100,100,100,100,100,0,0,0
488776,82,77,85,44,45,44,26,35,22,19,10,22
489344,100,100,100,100,100,100,75,100,67,25,0,33
489353,80,100,75,100,100,100,100,100,100,0,0,0
489937,40,38,42,26,28,23,26,28,22,1,0,2
490133,73,73,74,18,17,21,6,5,8,12,11,13
490160,71,100,66,100,100,100,100,100,100,0,0,0
490203,95,100,95,100,100,100,31,50,29,69,50,71
490319,82,82,,100,100,,100,100,,0,0,
490382,84,63,100,100,100,100,100,100,100,0,0,0
490498,26,24,33,83,100,50,83,100,50,0,0,0
490504,100,100,,87,87,,87,87,,0,0,
490513,68,68,,92,92,,92,92,,0,0,
490805,72,71,74,18,17,19,18,17,19,0,0,0
491057,74,74,,64,64,,64,64,,0,0,
491251,78,84,70,100,100,100,100,100,100,0,0,0
491288,100,100,100,100,100,100,0,0,0,100,100,100
491446,88,,88,97,,97,97,,97,0,,0
491525,91,93,89,92,91,92,28,27,29,64,64,63
491613,89,89,,100,100,,100,100,,0,0,
491622,80,80,,88,88,,88,88,,0,0,
491631,98,,98,96,,96,96,,96,0,,0
491640,86,86,,100,100,,100,100,,0,0,
491710,70,70,,14,14,,14,14,,0,0,
491765,100,100,,100,100,,100,100,,0,0,
491817,44,,44,58,,58,58,,58,0,,0
491914,51,51,,97,97,,97,97,,0,0,
492023,100,100,100,100,100,100,100,100,100,0,0,0
492476,76,66,80,70,52,76,0,0,0,70,52,76
492759,100,,100,40,,40,20,,20,20,,20
493594,36,36,,78,78,,78,78,,0,0,
493619,100,100,100,100,100,100,100,100,100,0,0,0
493646,96,,96,100,,100,100,,100,0,,0
493664,100,100,,100,100,,100,100,,0,0,
493673,100,100,,100,100,,100,100,,0,0,
493707,84,84,,89,89,,89,89,,0,0,
493716,77,77,,100,100,,100,100,,0,0,
493798,76,,76,75,,75,75,,75,0,,0
493813,100,100,100,100,100,100,67,100,66,33,0,34
494162,100,100,100,45,100,43,35,100,33,9,0,10
494278,60,45,68,76,71,78,12,7,14,64,64,64
494287,68,56,73,72,64,74,12,21,9,60,43,65
494463,93,,93,93,,93,93,,93,0,,0
494542,69,70,68,69,63,77,69,63,77,0,0,0
494603,58,58,59,62,68,51,43,43,42,19,25,9
494630,100,100,100,100,100,100,100,100,100,0,0,0
494685,84,74,92,84,96,75,73,81,67,11,15,8
494807,80,74,82,71,60,75,71,60,75,0,0,0
495031,69,69,,100,100,,100,100,,0,0,
495420,100,,100,23,,23,19,,19,4,,4
495448,100,100,100,36,50,35,31,50,29,6,0,6
495457,100,100,100,55,72,52,44,61,41,11,11,11
496478,90,100,67,96,100,83,0,0,0,96,100,83
496618,29,11,31,67,67,67,67,67,67,0,0,0
496627,92,90,94,6,11,3,6,11,3,0,0,0
496681,5,0,6,100,,100,100,,100,0,,0
496973,90,80,92,69,75,68,54,50,55,15,25,14
497037,100,100,100,80,77,81,41,37,41,40,40,39
497107,100,100,100,83,50,88,0,0,0,83,50,88
497213,100,100,100,92,100,86,83,80,86,8,20,0
497268,100,100,100,19,0,20,11,0,12,7,0,8
497374,64,51,68,100,100,100,100,100,100,0,0,0
497462,40,33,50,100,100,100,100,100,100,0,0,0
497480,100,100,100,64,42,67,56,32,59,8,11,8
497657,78,80,75,86,88,83,86,88,83,0,0,0
497824,49,50,48,50,53,47,40,40,40,10,13,7
497833,92,90,93,33,40,27,33,40,27,0,0,0
497912,100,100,100,66,75,65,66,75,65,0,0,0
498049,100,100,100,58,86,57,42,57,42,16,29,15
498340,65,50,67,100,100,100,100,100,100,0,0,0
498447,100,100,100,52,0,54,36,0,38,15,0,16
498456,100,100,100,29,0,33,14,0,17,14,0,17
498562,93,93,93,29,29,29,29,29,29,0,0,0
498571,94,93,95,27,28,27,26,27,26,1,1,1
499149,93,75,94,69,67,69,29,67,27,39,0,42
499370,100,100,100,47,100,44,35,0,38,12,100,6
499389,100,100,100,54,67,52,28,11,30,25,56,22
499398,100,100,100,41,100,39,20,0,21,20,100,18
499404,100,100,100,23,0,26,9,0,9,15,0,16
499635,73,58,76,75,71,75,13,14,12,62,57,63
499769,80,67,86,100,100,100,100,100,100,0,0,0
499866,2,0,3,100,,100,100,,100,0,,0
499875,89,89,,79,79,,79,79,,0,0,
499936,100,,100,48,,48,48,,48,0,,0
500290,100,100,100,40,0,42,32,0,33,8,0,8
500306,100,100,100,38,40,38,23,40,22,15,0,16
500333,100,100,100,37,100,35,13,0,13,24,100,21
500342,100,,100,95,,95,0,,0,95,,95
500449,78,85,70,89,91,86,89,91,86,0,0,0
